Combination,index,Clients,Global Accuracy,Trial,Noise Std,Corrupted Clients,Max Iter or Depth,Client 1 Accuracy (low-quality client),Client 2 Accuracy (low-quality client),Client 3 Accuracy (low-quality client),Client 4 Accuracy (low-quality client),Client 5 Accuracy,Client 6 Accuracy,Client 7 Accuracy,Client 8 Accuracy,Client 9 Accuracy,Client 10 Accuracy
1111111111,1022,"[1, 2, 3, 4, 5, 6, 7, 8, 9, 10]",0.9174809989142236,1,1,4,10,0.8023887079261672,0.8490770901194354,0.8013029315960912,0.8045602605863192,0.8903365906623235,0.9033659066232356,0.9001085776330076,0.8935939196525515,0.8827361563517915,0.9109663409337676
1111111111,1022,"[1, 2, 3, 4, 5, 6, 7, 8, 9, 10]",0.9163952225841476,2,1,4,10,0.7730727470141151,0.8230184581976113,0.8697068403908795,0.8241042345276873,0.8925081433224755,0.9044516829533116,0.8729641693811075,0.8925081433224755,0.8979370249728555,0.9109663409337676
1111111111,1022,"[1, 2, 3, 4, 5, 6, 7, 8, 9, 10]",0.9218241042345277,3,1,4,10,0.8023887079261672,0.8251900108577633,0.8251900108577633,0.7882736156351792,0.8914223669923995,0.9022801302931596,0.9142236699239956,0.9120521172638436,0.8914223669923995,0.9001085776330076
1111111111,1022,"[1, 2, 3, 4, 5, 6, 7, 8, 9, 10]",0.9218241042345277,4,1,4,10,0.8479913137893594,0.8425624321389794,0.8349619978284474,0.7709011943539631,0.9011943539630836,0.8935939196525515,0.8805646036916395,0.9077090119435396,0.8849077090119435,0.8968512486427795
1111111111,1022,"[1, 2, 3, 4, 5, 6, 7, 8, 9, 10]",0.9196525515743756,5,1,4,10,0.8099891422366993,0.741585233441911,0.8034744842562432,0.8056460369163952,0.8870792616720955,0.9142236699239956,0.8870792616720955,0.8892508143322475,0.8675352877307275,0.9066232356134636
1111111111,1022,"[1, 2, 3, 4, 5, 6, 7, 8, 9, 10]",0.9163952225841476,7,1,4,10,0.8110749185667753,0.8458197611292074,0.7937024972855592,0.8273615635179153,0.8946796959826275,0.8881650380021715,0.8990228013029316,0.9022801302931596,0.8816503800217155,0.8849077090119435
1000011111,542,"[1, 2, 3, 4, 5, 10]",0.8979370249728555,8,1,4,10,0.8165038002171553,0.8436482084690554,0.8360477741585234,0.7828447339847991,0.8859934853420195,0.9098805646036916,0.8979370249728555,0.9055374592833876,0.9142236699239956,0.8903365906623235
1011011111,734,"[1, 2, 3, 4, 5, 7, 8, 10]",0.9077090119435396,8,1,4,10,0.8165038002171553,0.8436482084690554,0.8360477741585234,0.7828447339847991,0.8859934853420195,0.9098805646036916,0.8979370249728555,0.9055374592833876,0.9142236699239956,0.8903365906623235
1011001111,718,"[1, 2, 3, 4, 7, 8, 10]",0.9022801302931596,9,1,4,10,0.8393051031487514,0.7785016286644951,0.8241042345276873,0.8089033659066233,0.9196525515743756,0.9055374592833876,0.8968512486427795,0.8892508143322475,0.9087947882736156,0.8686210640608035
1111101111,1006,"[1, 2, 3, 4, 6, 7, 8, 9, 10]",0.9163952225841476,9,1,4,10,0.8393051031487514,0.7785016286644951,0.8241042345276873,0.8089033659066233,0.9196525515743756,0.9055374592833876,0.8968512486427795,0.8892508143322475,0.9087947882736156,0.8686210640608035
0000001111,14,"[1, 2, 3, 4]",0.8490770901194354,10,1,4,10,0.754614549402823,0.8078175895765473,0.8327904451682954,0.7850162866449512,0.8870792616720955,0.9077090119435396,0.8653637350705755,0.9109663409337676,0.9022801302931596,0.9120521172638436
1111111111,1022,"[1, 2, 3, 4, 5, 6, 7, 8, 9, 10]",0.9174809989142236,10,1,4,10,0.754614549402823,0.8078175895765473,0.8327904451682954,0.7850162866449512,0.8870792616720955,0.9077090119435396,0.8653637350705755,0.9109663409337676,0.9022801302931596,0.9120521172638436
1111111111,1022,"[1, 2, 3, 4, 5, 6, 7, 8, 9, 10]",0.9163952225841476,11,1,4,10,0.8143322475570033,0.8360477741585234,0.7871878393051032,0.7752442996742671,0.8881650380021715,0.8859934853420195,0.9044516829533116,0.8914223669923995,0.8881650380021715,0.8816503800217155
1101111111,894,"[1, 2, 3, 4, 5, 6, 7, 9, 10]",0.9163952225841476,12,1,4,10,0.8588490770901195,0.8371335504885994,0.8034744842562432,0.8469055374592834,0.9109663409337676,0.9066232356134636,0.9001085776330076,0.9239956568946797,0.8968512486427795,0.8664495114006515
1111111111,1022,"[1, 2, 3, 4, 5, 6, 7, 8, 9, 10]",0.9250814332247557,13,1,4,10,0.8154180238870793,0.8338762214983714,0.8056460369163952,0.8317046688382194,0.8859934853420195,0.9055374592833876,0.8849077090119435,0.9174809989142236,0.8599348534201955,0.9142236699239956
1111111111,1022,"[1, 2, 3, 4, 5, 6, 7, 8, 9, 10]",0.9239956568946797,14,1,4,10,0.8110749185667753,0.7861020629750272,0.7980456026058632,0.7980456026058632,0.8892508143322475,0.9120521172638436,0.9044516829533116,0.9022801302931596,0.9066232356134636,0.8968512486427795
1111111111,1022,"[1, 2, 3, 4, 5, 6, 7, 8, 9, 10]",0.9261672095548317,15,1,4,10,0.8154180238870793,0.8013029315960912,0.7176981541802389,0.8273615635179153,0.8946796959826275,0.9055374592833876,0.9174809989142236,0.8870792616720955,0.8914223669923995,0.8881650380021715
1111111111,1022,"[1, 2, 3, 4, 5, 6, 7, 8, 9, 10]",0.9142236699239956,16,1,4,10,0.8143322475570033,0.8403908794788274,0.7795874049945711,0.8089033659066233,0.8979370249728555,0.8903365906623235,0.8957654723127035,0.9120521172638436,0.8816503800217155,0.8979370249728555
1111111111,1022,"[1, 2, 3, 4, 5, 6, 7, 8, 9, 10]",0.9283387622149837,17,1,4,10,0.7882736156351792,0.8338762214983714,0.8034744842562432,0.8208469055374593,0.8870792616720955,0.9055374592833876,0.8990228013029316,0.8881650380021715,0.9044516829533116,0.9098805646036916
1111111111,1022,"[1, 2, 3, 4, 5, 6, 7, 8, 9, 10]",0.9174809989142236,18,1,4,10,0.7947882736156352,0.7969598262757872,0.7361563517915309,0.8436482084690554,0.8805646036916395,0.8751357220412594,0.9153094462540716,0.9001085776330076,0.9109663409337676,0.8794788273615635
1111111111,1022,"[1, 2, 3, 4, 5, 6, 7, 8, 9, 10]",0.9261672095548317,19,1,4,10,0.8458197611292074,0.8414766558089034,0.8056460369163952,0.8132464712269273,0.9066232356134636,0.8881650380021715,0.8621064060803475,0.8957654723127035,0.9185667752442996,0.9044516829533116
1111111111,1022,"[1, 2, 3, 4, 5, 6, 7, 8, 9, 10]",0.9294245385450597,20,1,4,10,0.8501628664495114,0.8414766558089034,0.8545059717698155,0.8675352877307275,0.8827361563517915,0.8946796959826275,0.9001085776330076,0.8946796959826275,0.9098805646036916,0.8849077090119435
1111111111,1022,"[1, 2, 3, 4, 5, 6, 7, 8, 9, 10]",0.9250814332247557,21,1,4,10,0.7774158523344191,0.8458197611292074,0.8479913137893594,0.8230184581976113,0.8957654723127035,0.9011943539630836,0.8990228013029316,0.9055374592833876,0.9033659066232356,0.8935939196525515
1111111111,1022,"[1, 2, 3, 4, 5, 6, 7, 8, 9, 10]",0.9185667752442996,22,1,4,10,0.8251900108577633,0.7969598262757872,0.8295331161780674,0.8425624321389794,0.8946796959826275,0.9142236699239956,0.8751357220412594,0.9120521172638436,0.8881650380021715,0.8838219326818675
1111111111,1022,"[1, 2, 3, 4, 5, 6, 7, 8, 9, 10]",0.9272529858849077,23,1,4,10,0.8523344191096635,0.7839305103148752,0.8664495114006515,0.8034744842562432,0.8816503800217155,0.8707926167209555,0.9033659066232356,0.9131378935939196,0.8903365906623235,0.9033659066232356
1111111111,1022,"[1, 2, 3, 4, 5, 6, 7, 8, 9, 10]",0.9185667752442996,24,1,4,10,0.8132464712269273,0.8295331161780674,0.8371335504885994,0.8143322475570033,0.9001085776330076,0.8946796959826275,0.8816503800217155,0.9001085776330076,0.8914223669923995,0.9001085776330076
1111111111,1022,"[1, 2, 3, 4, 5, 6, 7, 8, 9, 10]",0.9153094462540716,25,1,4,10,0.8317046688382194,0.7828447339847991,0.8371335504885994,0.7698154180238871,0.8935939196525515,0.8729641693811075,0.8783930510314875,0.8805646036916395,0.8957654723127035,0.8892508143322475
1111111111,1022,"[1, 2, 3, 4, 5, 6, 7, 8, 9, 10]",0.9305103148751357,26,1,4,10,0.8121606948968513,0.8458197611292074,0.8588490770901195,0.7817589576547231,0.8849077090119435,0.8859934853420195,0.9066232356134636,0.9022801302931596,0.8849077090119435,0.8892508143322475
1111011111,990,"[1, 2, 3, 4, 5, 7, 8, 9, 10]",0.9022801302931596,27,1,4,10,0.7795874049945711,0.8219326818675353,0.7871878393051032,0.7665580890336591,0.8783930510314875,0.9153094462540716,0.8881650380021715,0.8979370249728555,0.8990228013029316,0.8849077090119435
1111111111,1022,"[1, 2, 3, 4, 5, 6, 7, 8, 9, 10]",0.9163952225841476,29,1,4,10,0.8175895765472313,0.8165038002171553,0.7730727470141151,0.8056460369163952,0.8816503800217155,0.8903365906623235,0.8914223669923995,0.8892508143322475,0.8990228013029316,0.9033659066232356
1111111111,1022,"[1, 2, 3, 4, 5, 6, 7, 8, 9, 10]",0.9185667752442996,30,1,4,10,0.8056460369163952,0.8382193268186754,0.8273615635179153,0.7947882736156352,0.8946796959826275,0.8881650380021715,0.8935939196525515,0.8773072747014115,0.8957654723127035,0.8903365906623235
1111111111,1022,"[1, 2, 3, 4, 5, 6, 7, 8, 9, 10]",0.9163952225841476,31,1,4,10,0.8099891422366993,0.8186753528773073,0.8469055374592834,0.8132464712269273,0.8892508143322475,0.8870792616720955,0.9022801302931596,0.9022801302931596,0.8990228013029316,0.8849077090119435
1111111111,1022,"[1, 2, 3, 4, 5, 6, 7, 8, 9, 10]",0.9109663409337676,32,1,4,10,0.8078175895765473,0.8414766558089034,0.8566775244299675,0.8132464712269273,0.8859934853420195,0.8881650380021715,0.9055374592833876,0.8925081433224755,0.8849077090119435,0.8914223669923995
1111111111,1022,"[1, 2, 3, 4, 5, 6, 7, 8, 9, 10]",0.9239956568946797,33,1,4,10,0.8273615635179153,0.8327904451682954,0.7871878393051032,0.7958740499457112,0.8903365906623235,0.8935939196525515,0.8925081433224755,0.9174809989142236,0.8870792616720955,0.8849077090119435
1111111111,1022,"[1, 2, 3, 4, 5, 6, 7, 8, 9, 10]",0.9207383279044516,34,1,4,10,0.8165038002171553,0.8523344191096635,0.8241042345276873,0.8175895765472313,0.9044516829533116,0.8914223669923995,0.8957654723127035,0.8794788273615635,0.9055374592833876,0.8816503800217155
1111111111,1022,"[1, 2, 3, 4, 5, 6, 7, 8, 9, 10]",0.9283387622149837,35,1,4,10,0.8241042345276873,0.8056460369163952,0.8523344191096635,0.8154180238870793,0.8881650380021715,0.9066232356134636,0.8968512486427795,0.9033659066232356,0.9142236699239956,0.8805646036916395
1111111111,1022,"[1, 2, 3, 4, 5, 6, 7, 8, 9, 10]",0.9142236699239956,36,1,4,10,0.8099891422366993,0.8534201954397395,0.7774158523344191,0.8078175895765473,0.8914223669923995,0.9033659066232356,0.8979370249728555,0.9131378935939196,0.8881650380021715,0.8751357220412594
1111011111,990,"[1, 2, 3, 4, 5, 7, 8, 9, 10]",0.9077090119435396,37,1,4,10,0.8132464712269273,0.8251900108577633,0.7904451682953312,0.8023887079261672,0.8968512486427795,0.9153094462540716,0.8990228013029316,0.9033659066232356,0.8979370249728555,0.8751357220412594
1011011111,734,"[1, 2, 3, 4, 5, 7, 8, 10]",0.9001085776330076,38,1,4,10,0.8208469055374593,0.7915309446254072,0.7969598262757872,0.8251900108577633,0.8686210640608035,0.9153094462540716,0.8892508143322475,0.8957654723127035,0.9033659066232356,0.8859934853420195
0101111111,382,"[1, 2, 3, 4, 5, 6, 7, 9]",0.9077090119435396,39,1,4,10,0.7795874049945711,0.7947882736156352,0.8273615635179153,0.8577633007600435,0.8946796959826275,0.8718783930510315,0.8903365906623235,0.9250814332247557,0.8881650380021715,0.9120521172638436
1111111111,1022,"[1, 2, 3, 4, 5, 6, 7, 8, 9, 10]",0.9239956568946797,41,1,4,10,0.7676438653637351,0.8490770901194354,0.8403908794788274,0.8175895765472313,0.8805646036916395,0.9207383279044516,0.9055374592833876,0.9033659066232356,0.8979370249728555,0.9033659066232356
0000001111,14,"[1, 2, 3, 4]",0.8849077090119435,42,1,4,10,0.7785016286644951,0.8121606948968513,0.7958740499457112,0.8023887079261672,0.8979370249728555,0.9077090119435396,0.9033659066232356,0.8946796959826275,0.9001085776330076,0.8968512486427795
1111111111,1022,"[1, 2, 3, 4, 5, 6, 7, 8, 9, 10]",0.9218241042345277,42,1,4,10,0.7785016286644951,0.8121606948968513,0.7958740499457112,0.8023887079261672,0.8979370249728555,0.9077090119435396,0.9033659066232356,0.8946796959826275,0.9001085776330076,0.8968512486427795
1111111111,1022,"[1, 2, 3, 4, 5, 6, 7, 8, 9, 10]",0.9239956568946797,43,1,4,10,0.7828447339847991,0.8197611292073833,0.8208469055374593,0.7719869706840391,0.8653637350705755,0.9163952225841476,0.8925081433224755,0.8903365906623235,0.9218241042345277,0.9077090119435396
1111111111,1022,"[1, 2, 3, 4, 5, 6, 7, 8, 9, 10]",0.9196525515743756,44,1,4,10,0.8599348534201955,0.8740499457111836,0.7904451682953312,0.8023887079261672,0.9185667752442996,0.8577633007600435,0.9077090119435396,0.8914223669923995,0.8816503800217155,0.8892508143322475
1111111111,1022,"[1, 2, 3, 4, 5, 6, 7, 8, 9, 10]",0.9196525515743756,45,1,4,10,0.8425624321389794,0.7947882736156352,0.8414766558089034,0.8284473398479913,0.8859934853420195,0.9044516829533116,0.9066232356134636,0.8816503800217155,0.8946796959826275,0.8870792616720955
1100111111,830,"[1, 2, 3, 4, 5, 6, 9, 10]",0.8979370249728555,46,1,4,10,0.8859934853420195,0.8132464712269273,0.7752442996742671,0.8013029315960912,0.8794788273615635,0.8968512486427795,0.9153094462540716,0.9196525515743756,0.8794788273615635,0.8740499457111836
1111111111,1022,"[1, 2, 3, 4, 5, 6, 7, 8, 9, 10]",0.9196525515743756,47,1,4,10,0.8479913137893594,0.7730727470141151,0.7643865363735071,0.8121606948968513,0.9033659066232356,0.9011943539630836,0.8653637350705755,0.8859934853420195,0.8762214983713354,0.8903365906623235
1110111111,958,"[1, 2, 3, 4, 5, 6, 8, 9, 10]",0.9055374592833876,48,1,4,10,0.8078175895765473,0.7795874049945711,0.8186753528773073,0.7958740499457112,0.8773072747014115,0.8979370249728555,0.9163952225841476,0.9033659066232356,0.8935939196525515,0.8859934853420195
1111111111,1022,"[1, 2, 3, 4, 5, 6, 7, 8, 9, 10]",0.9196525515743756,49,1,4,10,0.8165038002171553,0.8110749185667753,0.8110749185667753,0.7806731813246471,0.9022801302931596,0.8935939196525515,0.8892508143322475,0.9098805646036916,0.8827361563517915,0.8914223669923995
1111111111,1022,"[1, 2, 3, 4, 5, 6, 7, 8, 9, 10]",0.9229098805646037,50,1,4,10,0.7654723127035831,0.8013029315960912,0.8241042345276873,0.8045602605863192,0.8946796959826275,0.9066232356134636,0.9055374592833876,0.8925081433224755,0.8621064060803475,0.8903365906623235
1111111111,1022,"[1, 2, 3, 4, 5, 6, 7, 8, 9, 10]",0.9229098805646037,1,1,4,100,0.8045602605863192,0.8284473398479913,0.8490770901194354,0.8566775244299675,0.8914223669923995,0.9022801302931596,0.8946796959826275,0.8707926167209555,0.8881650380021715,0.8892508143322475
1111111111,1022,"[1, 2, 3, 4, 5, 6, 7, 8, 9, 10]",0.9239956568946797,2,1,4,100,0.7904451682953312,0.8121606948968513,0.8078175895765473,0.8197611292073833,0.9087947882736156,0.8827361563517915,0.9033659066232356,0.9120521172638436,0.8957654723127035,0.9033659066232356
1111111111,1022,"[1, 2, 3, 4, 5, 6, 7, 8, 9, 10]",0.9229098805646037,3,1,4,100,0.8251900108577633,0.7763300760043431,0.7904451682953312,0.8338762214983714,0.8881650380021715,0.9033659066232356,0.8816503800217155,0.8870792616720955,0.9077090119435396,0.9001085776330076
1111111111,1022,"[1, 2, 3, 4, 5, 6, 7, 8, 9, 10]",0.9283387622149837,4,1,4,100,0.8013029315960912,0.8165038002171553,0.8099891422366993,0.7991313789359392,0.8968512486427795,0.8881650380021715,0.8990228013029316,0.9077090119435396,0.9163952225841476,0.8827361563517915
0111111111,510,"[1, 2, 3, 4, 5, 6, 7, 8, 9]",0.9087947882736156,5,1,4,100,0.8545059717698155,0.8707926167209555,0.8197611292073833,0.8132464712269273,0.9077090119435396,0.9033659066232356,0.8675352877307275,0.8957654723127035,0.8794788273615635,0.9163952225841476
1111111111,1022,"[1, 2, 3, 4, 5, 6, 7, 8, 9, 10]",0.9163952225841476,6,1,4,100,0.8284473398479913,0.8143322475570033,0.8284473398479913,0.7763300760043431,0.8881650380021715,0.8946796959826275,0.9044516829533116,0.9011943539630836,0.8903365906623235,0.9109663409337676
1111111111,1022,"[1, 2, 3, 4, 5, 6, 7, 8, 9, 10]",0.9163952225841476,7,1,4,100,0.8219326818675353,0.8034744842562432,0.8143322475570033,0.8317046688382194,0.8859934853420195,0.9011943539630836,0.9044516829533116,0.8903365906623235,0.9044516829533116,0.8805646036916395
1111111111,1022,"[1, 2, 3, 4, 5, 6, 7, 8, 9, 10]",0.9207383279044516,8,1,4,100,0.8186753528773073,0.7915309446254072,0.8436482084690554,0.8338762214983714,0.9022801302931596,0.8697068403908795,0.9055374592833876,0.9163952225841476,0.9001085776330076,0.8729641693811075
1101111111,894,"[1, 2, 3, 4, 5, 6, 7, 9, 10]",0.9196525515743756,9,1,4,100,0.7643865363735071,0.8241042345276873,0.7795874049945711,0.8686210640608035,0.9001085776330076,0.9142236699239956,0.9001085776330076,0.9250814332247557,0.9022801302931596,0.8751357220412594
1100111111,830,"[1, 2, 3, 4, 5, 6, 9, 10]",0.9087947882736156,10,1,4,100,0.8317046688382194,0.8175895765472313,0.8371335504885994,0.7991313789359392,0.8762214983713354,0.8968512486427795,0.9196525515743756,0.9305103148751357,0.8968512486427795,0.8805646036916395
1111111111,1022,"[1, 2, 3, 4, 5, 6, 7, 8, 9, 10]",0.9229098805646037,11,1,4,100,0.7795874049945711,0.8121606948968513,0.7687296416938111,0.7937024972855592,0.8935939196525515,0.9120521172638436,0.9044516829533116,0.8794788273615635,0.9207383279044516,0.8925081433224755
1111111111,1022,"[1, 2, 3, 4, 5, 6, 7, 8, 9, 10]",0.9185667752442996,12,1,4,100,0.8143322475570033,0.8186753528773073,0.8045602605863192,0.8143322475570033,0.9098805646036916,0.9044516829533116,0.8740499457111836,0.8849077090119435,0.9153094462540716,0.9044516829533116
1111111111,1022,"[1, 2, 3, 4, 5, 6, 7, 8, 9, 10]",0.9174809989142236,13,1,4,100,0.7730727470141151,0.7937024972855592,0.8545059717698155,0.8241042345276873,0.8686210640608035,0.8892508143322475,0.9066232356134636,0.9066232356134636,0.9022801302931596,0.8892508143322475
1111011111,990,"[1, 2, 3, 4, 5, 7, 8, 9, 10]",0.9142236699239956,14,1,4,100,0.7806731813246471,0.7861020629750272,0.8458197611292074,0.8555917480998915,0.9087947882736156,0.9207383279044516,0.8675352877307275,0.8849077090119435,0.8751357220412594,0.9066232356134636
1111111111,1022,"[1, 2, 3, 4, 5, 6, 7, 8, 9, 10]",0.9272529858849077,15,1,4,100,0.8306188925081434,0.7947882736156352,0.8501628664495114,0.7958740499457112,0.8979370249728555,0.8957654723127035,0.9011943539630836,0.8957654723127035,0.9153094462540716,0.9022801302931596
1111101111,1006,"[1, 2, 3, 4, 6, 7, 8, 9, 10]",0.9131378935939196,16,1,4,100,0.7904451682953312,0.8349619978284474,0.8241042345276873,0.8295331161780674,0.9174809989142236,0.8914223669923995,0.8914223669923995,0.9066232356134636,0.8849077090119435,0.8914223669923995
1011111111,766,"[1, 2, 3, 4, 5, 6, 7, 8, 10]",0.9109663409337676,17,1,4,100,0.8306188925081434,0.8469055374592834,0.742671009771987,0.8154180238870793,0.8816503800217155,0.8794788273615635,0.9055374592833876,0.9033659066232356,0.9174809989142236,0.8925081433224755
1111111111,1022,"[1, 2, 3, 4, 5, 6, 7, 8, 9, 10]",0.9207383279044516,18,1,4,100,0.8023887079261672,0.8447339847991314,0.8241042345276873,0.8089033659066233,0.9153094462540716,0.9011943539630836,0.9011943539630836,0.9022801302931596,0.8979370249728555,0.8545059717698155
0000001111,14,"[1, 2, 3, 4]",0.8664495114006515,19,1,4,100,0.7893593919652552,0.8208469055374593,0.8089033659066233,0.7730727470141151,0.9218241042345277,0.8935939196525515,0.9120521172638436,0.9153094462540716,0.8979370249728555,0.9055374592833876
1111101111,1006,"[1, 2, 3, 4, 6, 7, 8, 9, 10]",0.9185667752442996,19,1,4,100,0.7893593919652552,0.8208469055374593,0.8089033659066233,0.7730727470141151,0.9218241042345277,0.8935939196525515,0.9120521172638436,0.9153094462540716,0.8979370249728555,0.9055374592833876
1111111111,1022,"[1, 2, 3, 4, 5, 6, 7, 8, 9, 10]",0.9239956568946797,20,1,4,100,0.8295331161780674,0.7980456026058632,0.8631921824104235,0.7698154180238871,0.8870792616720955,0.9022801302931596,0.8773072747014115,0.8990228013029316,0.9109663409337676,0.8957654723127035
1111111111,1022,"[1, 2, 3, 4, 5, 6, 7, 8, 9, 10]",0.9153094462540716,21,1,4,100,0.7850162866449512,0.8577633007600435,0.7828447339847991,0.8045602605863192,0.9120521172638436,0.8849077090119435,0.8783930510314875,0.9077090119435396,0.9055374592833876,0.8903365906623235
1111111111,1022,"[1, 2, 3, 4, 5, 6, 7, 8, 9, 10]",0.9207383279044516,22,1,4,100,0.8197611292073833,0.8262757871878393,0.8534201954397395,0.8414766558089034,0.8990228013029316,0.8925081433224755,0.8957654723127035,0.8664495114006515,0.9011943539630836,0.8859934853420195
1111111111,1022,"[1, 2, 3, 4, 5, 6, 7, 8, 9, 10]",0.9229098805646037,23,1,4,100,0.8175895765472313,0.8023887079261672,0.7806731813246471,0.8621064060803475,0.9022801302931596,0.8957654723127035,0.9098805646036916,0.9022801302931596,0.8762214983713354,0.9087947882736156
1111111111,1022,"[1, 2, 3, 4, 5, 6, 7, 8, 9, 10]",0.9283387622149837,24,1,4,100,0.8013029315960912,0.8165038002171553,0.8099891422366993,0.7991313789359392,0.8968512486427795,0.8881650380021715,0.8990228013029316,0.9077090119435396,0.9163952225841476,0.8827361563517915
0000001111,14,"[1, 2, 3, 4]",0.8534201954397395,25,1,4,100,0.7795874049945711,0.7719869706840391,0.7893593919652552,0.8034744842562432,0.8816503800217155,0.9087947882736156,0.8990228013029316,0.9077090119435396,0.9077090119435396,0.9044516829533116
1101111111,894,"[1, 2, 3, 4, 5, 6, 7, 9, 10]",0.9098805646036916,25,1,4,100,0.7795874049945711,0.7719869706840391,0.7893593919652552,0.8034744842562432,0.8816503800217155,0.9087947882736156,0.8990228013029316,0.9077090119435396,0.9077090119435396,0.9044516829533116
1111011111,990,"[1, 2, 3, 4, 5, 7, 8, 9, 10]",0.9087947882736156,25,1,4,100,0.7795874049945711,0.7719869706840391,0.7893593919652552,0.8034744842562432,0.8816503800217155,0.9087947882736156,0.8990228013029316,0.9077090119435396,0.9077090119435396,0.9044516829533116
1111111111,1022,"[1, 2, 3, 4, 5, 6, 7, 8, 9, 10]",0.9196525515743756,26,1,4,100,0.8317046688382194,0.8143322475570033,0.8458197611292074,0.7915309446254072,0.8881650380021715,0.8946796959826275,0.8794788273615635,0.8925081433224755,0.9066232356134636,0.9011943539630836
1111111111,1022,"[1, 2, 3, 4, 5, 6, 7, 8, 9, 10]",0.9174809989142236,27,1,4,100,0.7741585233441911,0.8230184581976113,0.7795874049945711,0.8099891422366993,0.9142236699239956,0.8870792616720955,0.8914223669923995,0.8946796959826275,0.8859934853420195,0.8935939196525515
1111111111,1022,"[1, 2, 3, 4, 5, 6, 7, 8, 9, 10]",0.9196525515743756,28,1,4,100,0.8338762214983714,0.7850162866449512,0.8718783930510315,0.8002171552660152,0.8935939196525515,0.8729641693811075,0.8968512486427795,0.9174809989142236,0.9011943539630836,0.9163952225841476
1111111111,1022,"[1, 2, 3, 4, 5, 6, 7, 8, 9, 10]",0.9207383279044516,29,1,4,100,0.7850162866449512,0.7828447339847991,0.745928338762215,0.8230184581976113,0.9044516829533116,0.8914223669923995,0.9022801302931596,0.9163952225841476,0.8881650380021715,0.8946796959826275
1111111111,1022,"[1, 2, 3, 4, 5, 6, 7, 8, 9, 10]",0.9218241042345277,30,1,4,100,0.8306188925081434,0.8642779587404995,0.7991313789359392,0.8143322475570033,0.9174809989142236,0.9033659066232356,0.9022801302931596,0.8946796959826275,0.9011943539630836,0.8914223669923995
1010111111,702,"[1, 2, 3, 4, 5, 6, 8, 10]",0.9120521172638436,31,1,4,100,0.8447339847991314,0.7795874049945711,0.8338762214983714,0.8458197611292074,0.8990228013029316,0.8718783930510315,0.9196525515743756,0.9066232356134636,0.9250814332247557,0.8675352877307275
1111101111,1006,"[1, 2, 3, 4, 6, 7, 8, 9, 10]",0.9142236699239956,32,1,4,100,0.7991313789359392,0.8186753528773073,0.8349619978284474,0.8284473398479913,0.9196525515743756,0.8935939196525515,0.8794788273615635,0.8849077090119435,0.8935939196525515,0.9001085776330076
1111111111,1022,"[1, 2, 3, 4, 5, 6, 7, 8, 9, 10]",0.9250814332247557,33,1,4,100,0.8588490770901195,0.8165038002171553,0.7904451682953312,0.8729641693811075,0.8870792616720955,0.9087947882736156,0.9142236699239956,0.8838219326818675,0.8729641693811075,0.8946796959826275
1111111111,1022,"[1, 2, 3, 4, 5, 6, 7, 8, 9, 10]",0.9250814332247557,34,1,4,100,0.8143322475570033,0.8555917480998915,0.7850162866449512,0.8078175895765473,0.9033659066232356,0.8762214983713354,0.9044516829533116,0.8946796959826275,0.9001085776330076,0.8903365906623235
1110111111,958,"[1, 2, 3, 4, 5, 6, 8, 9, 10]",0.9196525515743756,35,1,4,100,0.8230184581976113,0.8262757871878393,0.8110749185667753,0.7926167209554832,0.8892508143322475,0.9142236699239956,0.9218241042345277,0.8925081433224755,0.9077090119435396,0.9011943539630836
1111111111,1022,"[1, 2, 3, 4, 5, 6, 7, 8, 9, 10]",0.9174809989142236,36,1,4,100,0.8555917480998915,0.8230184581976113,0.7958740499457112,0.7980456026058632,0.8892508143322475,0.8805646036916395,0.8707926167209555,0.8881650380021715,0.8990228013029316,0.8881650380021715
1111111111,1022,"[1, 2, 3, 4, 5, 6, 7, 8, 9, 10]",0.9142236699239956,37,1,4,100,0.8588490770901195,0.8284473398479913,0.8273615635179153,0.7926167209554832,0.8664495114006515,0.8892508143322475,0.9022801302931596,0.8827361563517915,0.8794788273615635,0.8968512486427795
0111101111,494,"[1, 2, 3, 4, 6, 7, 8, 9]",0.9044516829533116,38,1,4,100,0.8154180238870793,0.8436482084690554,0.7828447339847991,0.8165038002171553,0.9109663409337676,0.8675352877307275,0.8664495114006515,0.8979370249728555,0.8881650380021715,0.9229098805646037
0000001111,14,"[1, 2, 3, 4]",0.8469055374592834,39,1,4,100,0.8078175895765473,0.8110749185667753,0.8067318132464713,0.7958740499457112,0.8935939196525515,0.8990228013029316,0.9055374592833876,0.9055374592833876,0.9044516829533116,0.9055374592833876
1111111111,1022,"[1, 2, 3, 4, 5, 6, 7, 8, 9, 10]",0.9131378935939196,39,1,4,100,0.8078175895765473,0.8110749185667753,0.8067318132464713,0.7958740499457112,0.8935939196525515,0.8990228013029316,0.9055374592833876,0.9055374592833876,0.9044516829533116,0.9055374592833876
1111111111,1022,"[1, 2, 3, 4, 5, 6, 7, 8, 9, 10]",0.9142236699239956,40,1,4,100,0.8425624321389794,0.761129207383279,0.7915309446254072,0.7904451682953312,0.9055374592833876,0.9011943539630836,0.8794788273615635,0.8805646036916395,0.8859934853420195,0.9011943539630836
1111111111,1022,"[1, 2, 3, 4, 5, 6, 7, 8, 9, 10]",0.9229098805646037,41,1,4,100,0.7350705754614549,0.7969598262757872,0.8089033659066233,0.8317046688382194,0.8859934853420195,0.8979370249728555,0.9055374592833876,0.8729641693811075,0.9077090119435396,0.8968512486427795
1111111111,1022,"[1, 2, 3, 4, 5, 6, 7, 8, 9, 10]",0.9174809989142236,42,1,4,100,0.7828447339847991,0.8175895765472313,0.8110749185667753,0.8273615635179153,0.8675352877307275,0.8946796959826275,0.9066232356134636,0.8816503800217155,0.9163952225841476,0.8870792616720955
1111111111,1022,"[1, 2, 3, 4, 5, 6, 7, 8, 9, 10]",0.9250814332247557,43,1,4,100,0.8588490770901195,0.8165038002171553,0.7904451682953312,0.8729641693811075,0.8870792616720955,0.9087947882736156,0.9142236699239956,0.8838219326818675,0.8729641693811075,0.8946796959826275
1111111111,1022,"[1, 2, 3, 4, 5, 6, 7, 8, 9, 10]",0.9196525515743756,44,1,4,100,0.8143322475570033,0.8056460369163952,0.8284473398479913,0.8241042345276873,0.8838219326818675,0.9066232356134636,0.8816503800217155,0.8838219326818675,0.8816503800217155,0.9174809989142236
1111111111,1022,"[1, 2, 3, 4, 5, 6, 7, 8, 9, 10]",0.9250814332247557,45,1,4,100,0.8317046688382194,0.6644951140065146,0.8588490770901195,0.8317046688382194,0.8914223669923995,0.8881650380021715,0.8957654723127035,0.9142236699239956,0.8751357220412594,0.9218241042345277
1111111111,1022,"[1, 2, 3, 4, 5, 6, 7, 8, 9, 10]",0.9229098805646037,46,1,4,100,0.8002171552660152,0.8002171552660152,0.7242128121606949,0.8034744842562432,0.9022801302931596,0.8816503800217155,0.9174809989142236,0.8990228013029316,0.8773072747014115,0.8870792616720955
1111111111,1022,"[1, 2, 3, 4, 5, 6, 7, 8, 9, 10]",0.9174809989142236,47,1,4,100,0.8273615635179153,0.7774158523344191,0.8306188925081434,0.8403908794788274,0.8631921824104235,0.9022801302931596,0.9055374592833876,0.8729641693811075,0.9153094462540716,0.8707926167209555
1111111111,1022,"[1, 2, 3, 4, 5, 6, 7, 8, 9, 10]",0.9261672095548317,48,1,4,100,0.7785016286644951,0.8089033659066233,0.8175895765472313,0.8729641693811075,0.8935939196525515,0.9077090119435396,0.8957654723127035,0.8762214983713354,0.9207383279044516,0.8729641693811075
1111111111,1022,"[1, 2, 3, 4, 5, 6, 7, 8, 9, 10]",0.9174809989142236,49,1,4,100,0.7741585233441911,0.8230184581976113,0.7795874049945711,0.8099891422366993,0.9142236699239956,0.8870792616720955,0.8914223669923995,0.8946796959826275,0.8859934853420195,0.8935939196525515
1001011111,606,"[1, 2, 3, 4, 5, 7, 10]",0.9001085776330076,50,1,4,100,0.8165038002171553,0.8317046688382194,0.8067318132464713,0.8349619978284474,0.8859934853420195,0.9142236699239956,0.8827361563517915,0.9163952225841476,0.9142236699239956,0.8990228013029316
