Combination,index,Clients,Global Accuracy,Trial,Max Iter or Depth,Client 1 Accuracy,Client 2 Accuracy,Client 3 Accuracy,Client 4 Accuracy,Client 5 Accuracy,Client 6 Accuracy,Client 7 Accuracy,Client 8 Accuracy,Client 9 Accuracy,Client 10 Accuracy,Client 11 Accuracy,Client 12 Accuracy,Client 13 Accuracy,Client 14 Accuracy,Client 15 Accuracy,Client 16 Accuracy,Client 17 Accuracy,Client 18 Accuracy,Client 19 Accuracy,Client 20 Accuracy,Client 21 Accuracy,Client 22 Accuracy,Client 23 Accuracy,Client 24 Accuracy,Client 25 Accuracy,Client 26 Accuracy,Client 27 Accuracy,Client 28 Accuracy,Client 29 Accuracy,Client 30 Accuracy,Client 31 Accuracy,Client 32 Accuracy,Client 33 Accuracy,Client 34 Accuracy,Client 35 Accuracy,n_clients
11111111111111111111111111111111111,5,"[1, 2, 3, 4, 5, 6, 7, 8, 9, 10, 11, 12, 13, 14, 15, 16, 17, 18, 19, 20, 21, 22, 23, 24, 25, 26, 27, 28, 29, 30, 31, 32, 33, 34, 35]",0.9153094462540716,1,10,0.8262757871878393,0.8143322475570033,0.8447339847991314,0.8251900108577633,0.8490770901194354,0.8371335504885994,0.8241042345276873,0.7774158523344191,0.8241042345276873,0.750271444082519,0.7915309446254072,0.7795874049945711,0.8208469055374593,0.8338762214983714,0.8262757871878393,0.8414766558089034,0.8382193268186754,0.8349619978284474,0.8295331161780674,0.8284473398479913,0.8458197611292074,0.8360477741585234,0.8241042345276873,0.8414766558089034,0.8447339847991314,0.8686210640608035,0.8197611292073833,0.8110749185667753,0.8197611292073833,0.755700325732899,0.8447339847991314,0.7665580890336591,0.8165038002171553,0.8762214983713354,0.8653637350705755,35
11111111111111111111111111111111111,5,"[1, 2, 3, 4, 5, 6, 7, 8, 9, 10, 11, 12, 13, 14, 15, 16, 17, 18, 19, 20, 21, 22, 23, 24, 25, 26, 27, 28, 29, 30, 31, 32, 33, 34, 35]",0.9131378935939196,2,10,0.758957654723127,0.7980456026058632,0.7958740499457112,0.8284473398479913,0.8306188925081434,0.8414766558089034,0.8382193268186754,0.8393051031487514,0.8175895765472313,0.8447339847991314,0.8165038002171553,0.8610206297502715,0.758957654723127,0.8306188925081434,0.7958740499457112,0.7969598262757872,0.8382193268186754,0.7893593919652552,0.8002171552660152,0.8230184581976113,0.8262757871878393,0.8241042345276873,0.8458197611292074,0.8338762214983714,0.8479913137893594,0.7730727470141151,0.8165038002171553,0.8393051031487514,0.8490770901194354,0.8284473398479913,0.8251900108577633,0.8121606948968513,0.8034744842562432,0.8295331161780674,0.8013029315960912,35
11111111111111111111111111111111111,5,"[1, 2, 3, 4, 5, 6, 7, 8, 9, 10, 11, 12, 13, 14, 15, 16, 17, 18, 19, 20, 21, 22, 23, 24, 25, 26, 27, 28, 29, 30, 31, 32, 33, 34, 35]",0.9185667752442996,3,10,0.8284473398479913,0.7947882736156352,0.8490770901194354,0.8023887079261672,0.8295331161780674,0.7958740499457112,0.8306188925081434,0.8034744842562432,0.8078175895765473,0.8175895765472313,0.8523344191096635,0.8403908794788274,0.8393051031487514,0.7839305103148752,0.8230184581976113,0.8230184581976113,0.8175895765472313,0.7719869706840391,0.761129207383279,0.8284473398479913,0.8219326818675353,0.8165038002171553,0.8121606948968513,0.8208469055374593,0.8034744842562432,0.8219326818675353,0.7806731813246471,0.7806731813246471,0.7904451682953312,0.8490770901194354,0.8121606948968513,0.8501628664495114,0.8393051031487514,0.7719869706840391,0.7904451682953312,35
11111111111111111111111111111111111,5,"[1, 2, 3, 4, 5, 6, 7, 8, 9, 10, 11, 12, 13, 14, 15, 16, 17, 18, 19, 20, 21, 22, 23, 24, 25, 26, 27, 28, 29, 30, 31, 32, 33, 34, 35]",0.9207383279044516,4,10,0.8425624321389794,0.8241042345276873,0.7850162866449512,0.8523344191096635,0.7828447339847991,0.8067318132464713,0.8110749185667753,0.8262757871878393,0.8110749185667753,0.8197611292073833,0.8121606948968513,0.7698154180238871,0.8034744842562432,0.8545059717698155,0.8132464712269273,0.7882736156351792,0.8490770901194354,0.8089033659066233,0.8599348534201955,0.8175895765472313,0.8436482084690554,0.8197611292073833,0.8382193268186754,0.8165038002171553,0.8143322475570033,0.760043431053203,0.8512486427795874,0.8034744842562432,0.8143322475570033,0.8436482084690554,0.8327904451682954,0.8121606948968513,0.7937024972855592,0.8469055374592834,0.755700325732899,35
11111111111111111111111111111111111,5,"[1, 2, 3, 4, 5, 6, 7, 8, 9, 10, 11, 12, 13, 14, 15, 16, 17, 18, 19, 20, 21, 22, 23, 24, 25, 26, 27, 28, 29, 30, 31, 32, 33, 34, 35]",0.9229098805646037,5,10,0.8425624321389794,0.755700325732899,0.8523344191096635,0.8675352877307275,0.8382193268186754,0.8317046688382194,0.8099891422366993,0.7958740499457112,0.8013029315960912,0.7861020629750272,0.7904451682953312,0.8208469055374593,0.8414766558089034,0.8371335504885994,0.8045602605863192,0.8186753528773073,0.8175895765472313,0.8414766558089034,0.8121606948968513,0.8143322475570033,0.7893593919652552,0.8425624321389794,0.7828447339847991,0.8414766558089034,0.8686210640608035,0.8230184581976113,0.8382193268186754,0.8034744842562432,0.8317046688382194,0.7904451682953312,0.7795874049945711,0.8262757871878393,0.8013029315960912,0.8143322475570033,0.7991313789359392,35
11111111111111111111111111111111111,5,"[1, 2, 3, 4, 5, 6, 7, 8, 9, 10, 11, 12, 13, 14, 15, 16, 17, 18, 19, 20, 21, 22, 23, 24, 25, 26, 27, 28, 29, 30, 31, 32, 33, 34, 35]",0.9229098805646037,6,10,0.8099891422366993,0.7709011943539631,0.7882736156351792,0.8534201954397395,0.8121606948968513,0.8132464712269273,0.8186753528773073,0.8425624321389794,0.8371335504885994,0.8067318132464713,0.8208469055374593,0.7980456026058632,0.8023887079261672,0.8458197611292074,0.8566775244299675,0.7882736156351792,0.8154180238870793,0.8577633007600435,0.8067318132464713,0.7991313789359392,0.7741585233441911,0.8045602605863192,0.8197611292073833,0.8023887079261672,0.8251900108577633,0.8545059717698155,0.7937024972855592,0.8089033659066233,0.8555917480998915,0.8664495114006515,0.8013029315960912,0.8143322475570033,0.8469055374592834,0.7850162866449512,0.8588490770901195,35
11111111111111111111111111111111111,5,"[1, 2, 3, 4, 5, 6, 7, 8, 9, 10, 11, 12, 13, 14, 15, 16, 17, 18, 19, 20, 21, 22, 23, 24, 25, 26, 27, 28, 29, 30, 31, 32, 33, 34, 35]",0.9142236699239956,7,10,0.761129207383279,0.8132464712269273,0.8208469055374593,0.8089033659066233,0.8501628664495114,0.757871878393051,0.7969598262757872,0.7817589576547231,0.7893593919652552,0.8099891422366993,0.7839305103148752,0.8686210640608035,0.8403908794788274,0.8154180238870793,0.7937024972855592,0.8338762214983714,0.7242128121606949,0.7785016286644951,0.8610206297502715,0.8827361563517915,0.8588490770901195,0.8382193268186754,0.8425624321389794,0.8317046688382194,0.7882736156351792,0.7958740499457112,0.751357220412595,0.8317046688382194,0.8089033659066233,0.8414766558089034,0.8013029315960912,0.8338762214983714,0.8099891422366993,0.7958740499457112,0.8143322475570033,35
11111111111111111111111111111111111,5,"[1, 2, 3, 4, 5, 6, 7, 8, 9, 10, 11, 12, 13, 14, 15, 16, 17, 18, 19, 20, 21, 22, 23, 24, 25, 26, 27, 28, 29, 30, 31, 32, 33, 34, 35]",0.9163952225841476,8,10,0.8306188925081434,0.8175895765472313,0.8327904451682954,0.8512486427795874,0.8110749185667753,0.8371335504885994,0.8338762214983714,0.7937024972855592,0.8099891422366993,0.8208469055374593,0.7969598262757872,0.751357220412595,0.8349619978284474,0.7274701411509229,0.8230184581976113,0.8458197611292074,0.8230184581976113,0.8490770901194354,0.8675352877307275,0.7861020629750272,0.8534201954397395,0.8317046688382194,0.7730727470141151,0.7871878393051032,0.7861020629750272,0.8067318132464713,0.743756786102063,0.8089033659066233,0.7915309446254072,0.8154180238870793,0.8241042345276873,0.7937024972855592,0.8034744842562432,0.7926167209554832,0.7915309446254072,35
11111111111111111111111111111111111,5,"[1, 2, 3, 4, 5, 6, 7, 8, 9, 10, 11, 12, 13, 14, 15, 16, 17, 18, 19, 20, 21, 22, 23, 24, 25, 26, 27, 28, 29, 30, 31, 32, 33, 34, 35]",0.9239956568946797,9,10,0.755700325732899,0.8393051031487514,0.8273615635179153,0.8219326818675353,0.8327904451682954,0.8045602605863192,0.7730727470141151,0.8056460369163952,0.8566775244299675,0.8089033659066233,0.8631921824104235,0.755700325732899,0.8306188925081434,0.8653637350705755,0.7958740499457112,0.8056460369163952,0.8154180238870793,0.7915309446254072,0.7937024972855592,0.8436482084690554,0.8154180238870793,0.8241042345276873,0.7795874049945711,0.7817589576547231,0.8371335504885994,0.8588490770901195,0.8078175895765473,0.7795874049945711,0.8805646036916395,0.7665580890336591,0.7741585233441911,0.8295331161780674,0.752442996742671,0.8154180238870793,0.8534201954397395,35
11111111111111111111111111111111111,5,"[1, 2, 3, 4, 5, 6, 7, 8, 9, 10, 11, 12, 13, 14, 15, 16, 17, 18, 19, 20, 21, 22, 23, 24, 25, 26, 27, 28, 29, 30, 31, 32, 33, 34, 35]",0.9196525515743756,10,10,0.8273615635179153,0.7980456026058632,0.7882736156351792,0.7828447339847991,0.8208469055374593,0.8251900108577633,0.8534201954397395,0.8534201954397395,0.7741585233441911,0.8197611292073833,0.8230184581976113,0.8447339847991314,0.8403908794788274,0.8317046688382194,0.8143322475570033,0.8208469055374593,0.8099891422366993,0.8371335504885994,0.8545059717698155,0.739413680781759,0.8013029315960912,0.7676438653637351,0.8621064060803475,0.7817589576547231,0.7947882736156352,0.7839305103148752,0.8154180238870793,0.8371335504885994,0.8349619978284474,0.8186753528773073,0.8154180238870793,0.8317046688382194,0.8197611292073833,0.8349619978284474,0.8783930510314875,35
11111111111111111111111111111111111,5,"[1, 2, 3, 4, 5, 6, 7, 8, 9, 10, 11, 12, 13, 14, 15, 16, 17, 18, 19, 20, 21, 22, 23, 24, 25, 26, 27, 28, 29, 30, 31, 32, 33, 34, 35]",0.9087947882736156,11,10,0.8034744842562432,0.8327904451682954,0.8403908794788274,0.8034744842562432,0.8013029315960912,0.758957654723127,0.749185667752443,0.8740499457111836,0.8501628664495114,0.8089033659066233,0.8110749185667753,0.8219326818675353,0.8327904451682954,0.8425624321389794,0.8110749185667753,0.8458197611292074,0.8458197611292074,0.7654723127035831,0.8175895765472313,0.8479913137893594,0.8110749185667753,0.8306188925081434,0.7839305103148752,0.8295331161780674,0.8664495114006515,0.8436482084690554,0.8197611292073833,0.8349619978284474,0.7991313789359392,0.7958740499457112,0.8414766558089034,0.8002171552660152,0.7969598262757872,0.8729641693811075,0.8099891422366993,35
11111111111111111111111111111111111,5,"[1, 2, 3, 4, 5, 6, 7, 8, 9, 10, 11, 12, 13, 14, 15, 16, 17, 18, 19, 20, 21, 22, 23, 24, 25, 26, 27, 28, 29, 30, 31, 32, 33, 34, 35]",0.9131378935939196,12,10,0.8501628664495114,0.8338762214983714,0.7850162866449512,0.752442996742671,0.8099891422366993,0.758957654723127,0.8588490770901195,0.8078175895765473,0.8121606948968513,0.7958740499457112,0.8121606948968513,0.7828447339847991,0.8327904451682954,0.8197611292073833,0.8295331161780674,0.8056460369163952,0.751357220412595,0.8295331161780674,0.8469055374592834,0.7774158523344191,0.7730727470141151,0.8588490770901195,0.8099891422366993,0.8262757871878393,0.8154180238870793,0.7861020629750272,0.7676438653637351,0.8382193268186754,0.7969598262757872,0.8436482084690554,0.8067318132464713,0.8523344191096635,0.8034744842562432,0.7741585233441911,0.7806731813246471,35
11111111111111111111111111111111111,5,"[1, 2, 3, 4, 5, 6, 7, 8, 9, 10, 11, 12, 13, 14, 15, 16, 17, 18, 19, 20, 21, 22, 23, 24, 25, 26, 27, 28, 29, 30, 31, 32, 33, 34, 35]",0.9185667752442996,13,10,0.8143322475570033,0.7871878393051032,0.8056460369163952,0.8479913137893594,0.8447339847991314,0.8110749185667753,0.8110749185667753,0.8219326818675353,0.8469055374592834,0.8686210640608035,0.8056460369163952,0.7882736156351792,0.8165038002171553,0.8273615635179153,0.8566775244299675,0.7806731813246471,0.8219326818675353,0.8165038002171553,0.8208469055374593,0.7828447339847991,0.7871878393051032,0.8208469055374593,0.7654723127035831,0.8197611292073833,0.8023887079261672,0.8371335504885994,0.8078175895765473,0.8143322475570033,0.7893593919652552,0.8425624321389794,0.8458197611292074,0.8078175895765473,0.8132464712269273,0.7915309446254072,0.8306188925081434,35
11111111111111111111111111111111111,5,"[1, 2, 3, 4, 5, 6, 7, 8, 9, 10, 11, 12, 13, 14, 15, 16, 17, 18, 19, 20, 21, 22, 23, 24, 25, 26, 27, 28, 29, 30, 31, 32, 33, 34, 35]",0.9174809989142236,14,10,0.8284473398479913,0.8327904451682954,0.8566775244299675,0.8154180238870793,0.8056460369163952,0.7861020629750272,0.7980456026058632,0.758957654723127,0.8089033659066233,0.8143322475570033,0.7676438653637351,0.8642779587404995,0.8306188925081434,0.8349619978284474,0.8284473398479913,0.7730727470141151,0.8566775244299675,0.7155266015200868,0.8360477741585234,0.8382193268186754,0.8023887079261672,0.8099891422366993,0.8306188925081434,0.8078175895765473,0.8436482084690554,0.8393051031487514,0.8403908794788274,0.8393051031487514,0.8186753528773073,0.8827361563517915,0.8382193268186754,0.8078175895765473,0.7850162866449512,0.8295331161780674,0.761129207383279,35
11111111111111111111111111111111111,5,"[1, 2, 3, 4, 5, 6, 7, 8, 9, 10, 11, 12, 13, 14, 15, 16, 17, 18, 19, 20, 21, 22, 23, 24, 25, 26, 27, 28, 29, 30, 31, 32, 33, 34, 35]",0.9163952225841476,15,10,0.7904451682953312,0.8414766558089034,0.8067318132464713,0.752442996742671,0.8555917480998915,0.7828447339847991,0.8154180238870793,0.8458197611292074,0.7339847991313789,0.753528773072747,0.8338762214983714,0.7893593919652552,0.7915309446254072,0.7828447339847991,0.8013029315960912,0.8208469055374593,0.7969598262757872,0.8121606948968513,0.8360477741585234,0.8186753528773073,0.8382193268186754,0.8067318132464713,0.7904451682953312,0.7969598262757872,0.8393051031487514,0.8838219326818675,0.8110749185667753,0.8317046688382194,0.8512486427795874,0.8132464712269273,0.7806731813246471,0.8230184581976113,0.8295331161780674,0.8425624321389794,0.8447339847991314,35
11111111111111111111111111111111111,5,"[1, 2, 3, 4, 5, 6, 7, 8, 9, 10, 11, 12, 13, 14, 15, 16, 17, 18, 19, 20, 21, 22, 23, 24, 25, 26, 27, 28, 29, 30, 31, 32, 33, 34, 35]",0.9185667752442996,16,10,0.8056460369163952,0.7839305103148752,0.8621064060803475,0.761129207383279,0.8349619978284474,0.8403908794788274,0.7926167209554832,0.744842562432139,0.8338762214983714,0.8360477741585234,0.8230184581976113,0.8403908794788274,0.7926167209554832,0.7947882736156352,0.762214983713355,0.7969598262757872,0.7839305103148752,0.8371335504885994,0.7926167209554832,0.8317046688382194,0.8186753528773073,0.8773072747014115,0.8566775244299675,0.8447339847991314,0.8512486427795874,0.8338762214983714,0.8089033659066233,0.8230184581976113,0.8089033659066233,0.8512486427795874,0.8132464712269273,0.7926167209554832,0.8110749185667753,0.754614549402823,0.8262757871878393,35
11111111111111111111111111111111111,5,"[1, 2, 3, 4, 5, 6, 7, 8, 9, 10, 11, 12, 13, 14, 15, 16, 17, 18, 19, 20, 21, 22, 23, 24, 25, 26, 27, 28, 29, 30, 31, 32, 33, 34, 35]",0.9185667752442996,17,10,0.8241042345276873,0.8132464712269273,0.8545059717698155,0.8175895765472313,0.7991313789359392,0.7937024972855592,0.8241042345276873,0.8393051031487514,0.8327904451682954,0.8295331161780674,0.8143322475570033,0.7730727470141151,0.8393051031487514,0.7709011943539631,0.8262757871878393,0.8208469055374593,0.7937024972855592,0.8034744842562432,0.8154180238870793,0.8317046688382194,0.8143322475570033,0.8458197611292074,0.8110749185667753,0.7806731813246471,0.7980456026058632,0.7285559174809989,0.8371335504885994,0.8306188925081434,0.8013029315960912,0.8295331161780674,0.8045602605863192,0.8154180238870793,0.7937024972855592,0.8197611292073833,0.757871878393051,35
11111111111111111111111111111111111,5,"[1, 2, 3, 4, 5, 6, 7, 8, 9, 10, 11, 12, 13, 14, 15, 16, 17, 18, 19, 20, 21, 22, 23, 24, 25, 26, 27, 28, 29, 30, 31, 32, 33, 34, 35]",0.9131378935939196,18,10,0.7969598262757872,0.7861020629750272,0.8067318132464713,0.8241042345276873,0.7937024972855592,0.7828447339847991,0.8251900108577633,0.8175895765472313,0.7687296416938111,0.8675352877307275,0.7958740499457112,0.7698154180238871,0.8208469055374593,0.7719869706840391,0.8523344191096635,0.7882736156351792,0.8501628664495114,0.738327904451683,0.7926167209554832,0.8251900108577633,0.7795874049945711,0.7937024972855592,0.7958740499457112,0.8013029315960912,0.8349619978284474,0.8338762214983714,0.7730727470141151,0.7709011943539631,0.8262757871878393,0.762214983713355,0.8403908794788274,0.7839305103148752,0.8023887079261672,0.8078175895765473,0.7795874049945711,35
11111111111111111111111111111111111,5,"[1, 2, 3, 4, 5, 6, 7, 8, 9, 10, 11, 12, 13, 14, 15, 16, 17, 18, 19, 20, 21, 22, 23, 24, 25, 26, 27, 28, 29, 30, 31, 32, 33, 34, 35]",0.9098805646036916,19,10,0.8186753528773073,0.7730727470141151,0.7915309446254072,0.7654723127035831,0.8208469055374593,0.8002171552660152,0.8338762214983714,0.7785016286644951,0.758957654723127,0.8067318132464713,0.8045602605863192,0.7926167209554832,0.8023887079261672,0.7090119435396308,0.8686210640608035,0.7991313789359392,0.7709011943539631,0.8338762214983714,0.8154180238870793,0.8262757871878393,0.8414766558089034,0.8132464712269273,0.8251900108577633,0.8219326818675353,0.7839305103148752,0.7947882736156352,0.8078175895765473,0.8545059717698155,0.8251900108577633,0.7893593919652552,0.8241042345276873,0.7730727470141151,0.7643865363735071,0.8295331161780674,0.8642779587404995,35
11111111111111111111111111111111111,5,"[1, 2, 3, 4, 5, 6, 7, 8, 9, 10, 11, 12, 13, 14, 15, 16, 17, 18, 19, 20, 21, 22, 23, 24, 25, 26, 27, 28, 29, 30, 31, 32, 33, 34, 35]",0.9153094462540716,20,10,0.8501628664495114,0.8436482084690554,0.8371335504885994,0.8208469055374593,0.7937024972855592,0.8349619978284474,0.7893593919652552,0.8132464712269273,0.756786102062975,0.8534201954397395,0.7730727470141151,0.8349619978284474,0.8501628664495114,0.8393051031487514,0.7937024972855592,0.8154180238870793,0.8099891422366993,0.748099891422367,0.8034744842562432,0.8230184581976113,0.8197611292073833,0.7871878393051032,0.8197611292073833,0.8034744842562432,0.8327904451682954,0.7915309446254072,0.8251900108577633,0.7980456026058632,0.8327904451682954,0.8186753528773073,0.8295331161780674,0.8132464712269273,0.8078175895765473,0.8621064060803475,0.8045602605863192,35
11111111111111111111111111111111111,5,"[1, 2, 3, 4, 5, 6, 7, 8, 9, 10, 11, 12, 13, 14, 15, 16, 17, 18, 19, 20, 21, 22, 23, 24, 25, 26, 27, 28, 29, 30, 31, 32, 33, 34, 35]",0.9120521172638436,21,10,0.7947882736156352,0.8479913137893594,0.8110749185667753,0.8251900108577633,0.8013029315960912,0.8338762214983714,0.8534201954397395,0.8089033659066233,0.8078175895765473,0.7893593919652552,0.8034744842562432,0.7991313789359392,0.7741585233441911,0.8469055374592834,0.8534201954397395,0.8284473398479913,0.7980456026058632,0.8577633007600435,0.8230184581976113,0.7871878393051032,0.8349619978284474,0.7926167209554832,0.7882736156351792,0.7774158523344191,0.8414766558089034,0.8056460369163952,0.8110749185667753,0.8175895765472313,0.8197611292073833,0.8512486427795874,0.8284473398479913,0.8089033659066233,0.8697068403908795,0.8317046688382194,0.8349619978284474,35
11111111111111111111111111111111111,5,"[1, 2, 3, 4, 5, 6, 7, 8, 9, 10, 11, 12, 13, 14, 15, 16, 17, 18, 19, 20, 21, 22, 23, 24, 25, 26, 27, 28, 29, 30, 31, 32, 33, 34, 35]",0.9163952225841476,22,10,0.8436482084690554,0.8241042345276873,0.8610206297502715,0.8078175895765473,0.8230184581976113,0.8089033659066233,0.7274701411509229,0.7839305103148752,0.8045602605863192,0.8251900108577633,0.8208469055374593,0.7839305103148752,0.8186753528773073,0.8186753528773073,0.8110749185667753,0.8317046688382194,0.8175895765472313,0.8175895765472313,0.7969598262757872,0.8186753528773073,0.8056460369163952,0.8621064060803475,0.8110749185667753,0.8306188925081434,0.8262757871878393,0.7926167209554832,0.8034744842562432,0.8110749185667753,0.7763300760043431,0.8143322475570033,0.7828447339847991,0.7850162866449512,0.8078175895765473,0.8306188925081434,0.8349619978284474,35
11111111111111111111111111111111111,5,"[1, 2, 3, 4, 5, 6, 7, 8, 9, 10, 11, 12, 13, 14, 15, 16, 17, 18, 19, 20, 21, 22, 23, 24, 25, 26, 27, 28, 29, 30, 31, 32, 33, 34, 35]",0.9196525515743756,23,10,0.8566775244299675,0.8045602605863192,0.8523344191096635,0.7980456026058632,0.8317046688382194,0.7958740499457112,0.8197611292073833,0.8501628664495114,0.8251900108577633,0.7633007600434311,0.8295331161780674,0.8501628664495114,0.7795874049945711,0.7958740499457112,0.8099891422366993,0.8414766558089034,0.7774158523344191,0.8403908794788274,0.7741585233441911,0.6558089033659066,0.8349619978284474,0.762214983713355,0.747014115092291,0.8175895765472313,0.7774158523344191,0.7904451682953312,0.8067318132464713,0.8154180238870793,0.8143322475570033,0.7665580890336591,0.7980456026058632,0.8414766558089034,0.8306188925081434,0.7893593919652552,0.8241042345276873,35
11111111111111111111111111111111111,5,"[1, 2, 3, 4, 5, 6, 7, 8, 9, 10, 11, 12, 13, 14, 15, 16, 17, 18, 19, 20, 21, 22, 23, 24, 25, 26, 27, 28, 29, 30, 31, 32, 33, 34, 35]",0.9315960912052117,24,10,0.8642779587404995,0.8327904451682954,0.8099891422366993,0.7687296416938111,0.8056460369163952,0.7741585233441911,0.8512486427795874,0.7991313789359392,0.8403908794788274,0.8458197611292074,0.8599348534201955,0.8382193268186754,0.8838219326818675,0.7828447339847991,0.7947882736156352,0.8490770901194354,0.8349619978284474,0.8403908794788274,0.7915309446254072,0.8132464712269273,0.8360477741585234,0.8621064060803475,0.8089033659066233,0.8023887079261672,0.8219326818675353,0.7850162866449512,0.8621064060803475,0.8371335504885994,0.7752442996742671,0.8165038002171553,0.752442996742671,0.7839305103148752,0.7947882736156352,0.8197611292073833,0.8599348534201955,35
11111111111111111111111111111111111,5,"[1, 2, 3, 4, 5, 6, 7, 8, 9, 10, 11, 12, 13, 14, 15, 16, 17, 18, 19, 20, 21, 22, 23, 24, 25, 26, 27, 28, 29, 30, 31, 32, 33, 34, 35]",0.9272529858849077,25,10,0.7882736156351792,0.8284473398479913,0.8197611292073833,0.7850162866449512,0.8013029315960912,0.8425624321389794,0.8870792616720955,0.8338762214983714,0.8241042345276873,0.7774158523344191,0.8425624321389794,0.7958740499457112,0.7915309446254072,0.8338762214983714,0.7785016286644951,0.8523344191096635,0.8425624321389794,0.8078175895765473,0.7730727470141151,0.8436482084690554,0.8273615635179153,0.8490770901194354,0.8501628664495114,0.8306188925081434,0.8143322475570033,0.8165038002171553,0.7806731813246471,0.8154180238870793,0.8186753528773073,0.8110749185667753,0.8317046688382194,0.8534201954397395,0.8425624321389794,0.8023887079261672,0.8034744842562432,35
11111111111111111111111111111111111,5,"[1, 2, 3, 4, 5, 6, 7, 8, 9, 10, 11, 12, 13, 14, 15, 16, 17, 18, 19, 20, 21, 22, 23, 24, 25, 26, 27, 28, 29, 30, 31, 32, 33, 34, 35]",0.9163952225841476,26,10,0.8523344191096635,0.7785016286644951,0.8338762214983714,0.8599348534201955,0.8545059717698155,0.7947882736156352,0.8208469055374593,0.7893593919652552,0.8588490770901195,0.8295331161780674,0.7643865363735071,0.8284473398479913,0.8002171552660152,0.8577633007600435,0.8099891422366993,0.8621064060803475,0.8110749185667753,0.8078175895765473,0.8762214983713354,0.7643865363735071,0.7795874049945711,0.8219326818675353,0.8588490770901195,0.8175895765472313,0.8588490770901195,0.8219326818675353,0.8143322475570033,0.8490770901194354,0.7958740499457112,0.8436482084690554,0.8469055374592834,0.7795874049945711,0.7687296416938111,0.8067318132464713,0.761129207383279,35
11111111111111111111111111111111111,5,"[1, 2, 3, 4, 5, 6, 7, 8, 9, 10, 11, 12, 13, 14, 15, 16, 17, 18, 19, 20, 21, 22, 23, 24, 25, 26, 27, 28, 29, 30, 31, 32, 33, 34, 35]",0.9098805646036916,27,10,0.8034744842562432,0.8306188925081434,0.7915309446254072,0.8338762214983714,0.8425624321389794,0.745928338762215,0.7926167209554832,0.8490770901194354,0.8251900108577633,0.8186753528773073,0.7904451682953312,0.8523344191096635,0.8034744842562432,0.8078175895765473,0.7980456026058632,0.8447339847991314,0.8013029315960912,0.7839305103148752,0.7698154180238871,0.8360477741585234,0.8241042345276873,0.8132464712269273,0.8208469055374593,0.8566775244299675,0.8089033659066233,0.8512486427795874,0.8327904451682954,0.8382193268186754,0.7698154180238871,0.8078175895765473,0.8241042345276873,0.7991313789359392,0.8197611292073833,0.8241042345276873,0.8197611292073833,35
11111111111111111111111111111111111,5,"[1, 2, 3, 4, 5, 6, 7, 8, 9, 10, 11, 12, 13, 14, 15, 16, 17, 18, 19, 20, 21, 22, 23, 24, 25, 26, 27, 28, 29, 30, 31, 32, 33, 34, 35]",0.9153094462540716,28,10,0.7871878393051032,0.8089033659066233,0.7806731813246471,0.8588490770901195,0.8295331161780674,0.8382193268186754,0.8262757871878393,0.8566775244299675,0.8327904451682954,0.752442996742671,0.7709011943539631,0.7752442996742671,0.8425624321389794,0.7958740499457112,0.8262757871878393,0.8479913137893594,0.8545059717698155,0.7698154180238871,0.7926167209554832,0.8099891422366993,0.8186753528773073,0.8545059717698155,0.7350705754614549,0.8132464712269273,0.8545059717698155,0.7893593919652552,0.7763300760043431,0.8425624321389794,0.8067318132464713,0.7937024972855592,0.8241042345276873,0.7893593919652552,0.8338762214983714,0.8393051031487514,0.8469055374592834,35
11111111111111111111111111111111111,5,"[1, 2, 3, 4, 5, 6, 7, 8, 9, 10, 11, 12, 13, 14, 15, 16, 17, 18, 19, 20, 21, 22, 23, 24, 25, 26, 27, 28, 29, 30, 31, 32, 33, 34, 35]",0.9239956568946797,29,10,0.8034744842562432,0.8078175895765473,0.8056460369163952,0.7947882736156352,0.8230184581976113,0.8197611292073833,0.8371335504885994,0.8219326818675353,0.8534201954397395,0.8382193268186754,0.8360477741585234,0.8186753528773073,0.7730727470141151,0.8056460369163952,0.8023887079261672,0.8099891422366993,0.8284473398479913,0.8110749185667753,0.7850162866449512,0.8393051031487514,0.7991313789359392,0.8154180238870793,0.8458197611292074,0.8534201954397395,0.7839305103148752,0.7958740499457112,0.8403908794788274,0.8099891422366993,0.8262757871878393,0.8230184581976113,0.7991313789359392,0.8631921824104235,0.8393051031487514,0.7709011943539631,0.8110749185667753,35
11111111111111111111111111111111111,5,"[1, 2, 3, 4, 5, 6, 7, 8, 9, 10, 11, 12, 13, 14, 15, 16, 17, 18, 19, 20, 21, 22, 23, 24, 25, 26, 27, 28, 29, 30, 31, 32, 33, 34, 35]",0.9250814332247557,30,10,0.7926167209554832,0.8403908794788274,0.8023887079261672,0.8013029315960912,0.7752442996742671,0.8208469055374593,0.8317046688382194,0.8132464712269273,0.8317046688382194,0.8686210640608035,0.8425624321389794,0.7915309446254072,0.8175895765472313,0.8023887079261672,0.8034744842562432,0.8002171552660152,0.8360477741585234,0.8479913137893594,0.7926167209554832,0.8219326818675353,0.8403908794788274,0.8110749185667753,0.8143322475570033,0.7665580890336591,0.8208469055374593,0.7915309446254072,0.7980456026058632,0.8414766558089034,0.7882736156351792,0.8078175895765473,0.8132464712269273,0.8045602605863192,0.8110749185667753,0.8284473398479913,0.8219326818675353,35
11111111111111111111111111111111111,5,"[1, 2, 3, 4, 5, 6, 7, 8, 9, 10, 11, 12, 13, 14, 15, 16, 17, 18, 19, 20, 21, 22, 23, 24, 25, 26, 27, 28, 29, 30, 31, 32, 33, 34, 35]",0.9142236699239956,31,10,0.8056460369163952,0.8675352877307275,0.8110749185667753,0.8338762214983714,0.8067318132464713,0.7828447339847991,0.8414766558089034,0.7915309446254072,0.8295331161780674,0.8110749185667753,0.8002171552660152,0.8208469055374593,0.8295331161780674,0.8208469055374593,0.8208469055374593,0.8197611292073833,0.8045602605863192,0.8262757871878393,0.7806731813246471,0.8295331161780674,0.745928338762215,0.8610206297502715,0.7828447339847991,0.8186753528773073,0.8023887079261672,0.7958740499457112,0.8295331161780674,0.8002171552660152,0.8349619978284474,0.8013029315960912,0.8393051031487514,0.7937024972855592,0.8295331161780674,0.8284473398479913,0.8273615635179153,35
11111111111111111111111111111111111,5,"[1, 2, 3, 4, 5, 6, 7, 8, 9, 10, 11, 12, 13, 14, 15, 16, 17, 18, 19, 20, 21, 22, 23, 24, 25, 26, 27, 28, 29, 30, 31, 32, 33, 34, 35]",0.9087947882736156,32,10,0.7817589576547231,0.8349619978284474,0.8197611292073833,0.8034744842562432,0.8360477741585234,0.8121606948968513,0.7915309446254072,0.8425624321389794,0.7806731813246471,0.8154180238870793,0.8469055374592834,0.8284473398479913,0.8002171552660152,0.7947882736156352,0.8175895765472313,0.8382193268186754,0.8241042345276873,0.8262757871878393,0.8317046688382194,0.8241042345276873,0.7719869706840391,0.8002171552660152,0.8642779587404995,0.7719869706840391,0.8154180238870793,0.8284473398479913,0.7969598262757872,0.7817589576547231,0.7339847991313789,0.8132464712269273,0.8241042345276873,0.8208469055374593,0.751357220412595,0.8273615635179153,0.8175895765472313,35
11111111111111111111111111111111111,5,"[1, 2, 3, 4, 5, 6, 7, 8, 9, 10, 11, 12, 13, 14, 15, 16, 17, 18, 19, 20, 21, 22, 23, 24, 25, 26, 27, 28, 29, 30, 31, 32, 33, 34, 35]",0.9239956568946797,33,10,0.7372421281216069,0.8360477741585234,0.7980456026058632,0.7633007600434311,0.7643865363735071,0.8425624321389794,0.7817589576547231,0.8317046688382194,0.8425624321389794,0.8490770901194354,0.7937024972855592,0.7850162866449512,0.7969598262757872,0.7730727470141151,0.757871878393051,0.760043431053203,0.8469055374592834,0.7339847991313789,0.8642779587404995,0.7904451682953312,0.8251900108577633,0.8219326818675353,0.7719869706840391,0.7774158523344191,0.8653637350705755,0.8165038002171553,0.8317046688382194,0.8403908794788274,0.8121606948968513,0.8306188925081434,0.8284473398479913,0.7980456026058632,0.8306188925081434,0.8414766558089034,0.8751357220412594,35
11111111111111111111111111111111111,5,"[1, 2, 3, 4, 5, 6, 7, 8, 9, 10, 11, 12, 13, 14, 15, 16, 17, 18, 19, 20, 21, 22, 23, 24, 25, 26, 27, 28, 29, 30, 31, 32, 33, 34, 35]",0.9207383279044516,34,10,0.8273615635179153,0.741585233441911,0.8523344191096635,0.8403908794788274,0.8653637350705755,0.8425624321389794,0.8273615635179153,0.7752442996742671,0.8251900108577633,0.8436482084690554,0.8675352877307275,0.8697068403908795,0.8208469055374593,0.8349619978284474,0.8371335504885994,0.7665580890336591,0.7741585233441911,0.8545059717698155,0.7654723127035831,0.8425624321389794,0.8056460369163952,0.7654723127035831,0.745928338762215,0.8349619978284474,0.8306188925081434,0.8045602605863192,0.8165038002171553,0.8599348534201955,0.7882736156351792,0.8273615635179153,0.8621064060803475,0.8490770901194354,0.8034744842562432,0.8273615635179153,0.7991313789359392,35
11111111111111111111111111111111111,5,"[1, 2, 3, 4, 5, 6, 7, 8, 9, 10, 11, 12, 13, 14, 15, 16, 17, 18, 19, 20, 21, 22, 23, 24, 25, 26, 27, 28, 29, 30, 31, 32, 33, 34, 35]",0.9174809989142236,35,10,0.8197611292073833,0.7828447339847991,0.8501628664495114,0.8056460369163952,0.8230184581976113,0.7926167209554832,0.8175895765472313,0.8577633007600435,0.8219326818675353,0.8132464712269273,0.8121606948968513,0.7198697068403909,0.8241042345276873,0.7937024972855592,0.8284473398479913,0.7871878393051032,0.8425624321389794,0.8479913137893594,0.8360477741585234,0.744842562432139,0.8273615635179153,0.8306188925081434,0.8610206297502715,0.8621064060803475,0.7839305103148752,0.8251900108577633,0.8360477741585234,0.8219326818675353,0.8034744842562432,0.8393051031487514,0.7937024972855592,0.8458197611292074,0.8208469055374593,0.8099891422366993,0.8545059717698155,35
11111111111111111111111111111111111,5,"[1, 2, 3, 4, 5, 6, 7, 8, 9, 10, 11, 12, 13, 14, 15, 16, 17, 18, 19, 20, 21, 22, 23, 24, 25, 26, 27, 28, 29, 30, 31, 32, 33, 34, 35]",0.9131378935939196,36,10,0.8327904451682954,0.8327904451682954,0.8458197611292074,0.8414766558089034,0.8121606948968513,0.8262757871878393,0.8371335504885994,0.8469055374592834,0.8154180238870793,0.7806731813246471,0.8566775244299675,0.7850162866449512,0.8219326818675353,0.8099891422366993,0.8317046688382194,0.8099891422366993,0.7980456026058632,0.8436482084690554,0.8349619978284474,0.8175895765472313,0.8197611292073833,0.8382193268186754,0.8165038002171553,0.8501628664495114,0.8078175895765473,0.8186753528773073,0.8219326818675353,0.8447339847991314,0.7969598262757872,0.8132464712269273,0.8186753528773073,0.7893593919652552,0.8230184581976113,0.8414766558089034,0.8023887079261672,35
11111111111111111111111111111111111,5,"[1, 2, 3, 4, 5, 6, 7, 8, 9, 10, 11, 12, 13, 14, 15, 16, 17, 18, 19, 20, 21, 22, 23, 24, 25, 26, 27, 28, 29, 30, 31, 32, 33, 34, 35]",0.9185667752442996,37,10,0.8425624321389794,0.752442996742671,0.8490770901194354,0.8273615635179153,0.7980456026058632,0.8154180238870793,0.8273615635179153,0.8078175895765473,0.7785016286644951,0.8382193268186754,0.8132464712269273,0.8089033659066233,0.8447339847991314,0.8121606948968513,0.8382193268186754,0.8078175895765473,0.8175895765472313,0.8838219326818675,0.8089033659066233,0.8588490770901195,0.8403908794788274,0.8403908794788274,0.8349619978284474,0.7915309446254072,0.8078175895765473,0.8599348534201955,0.8241042345276873,0.8327904451682954,0.7937024972855592,0.8458197611292074,0.7774158523344191,0.8067318132464713,0.8360477741585234,0.8034744842562432,0.7893593919652552,35
11111111111111111111111111111111111,5,"[1, 2, 3, 4, 5, 6, 7, 8, 9, 10, 11, 12, 13, 14, 15, 16, 17, 18, 19, 20, 21, 22, 23, 24, 25, 26, 27, 28, 29, 30, 31, 32, 33, 34, 35]",0.9022801302931596,38,10,0.8154180238870793,0.7339847991313789,0.8371335504885994,0.8099891422366993,0.8306188925081434,0.8056460369163952,0.8425624321389794,0.8110749185667753,0.7676438653637351,0.8132464712269273,0.7839305103148752,0.8751357220412594,0.754614549402823,0.8360477741585234,0.8327904451682954,0.8110749185667753,0.8729641693811075,0.8002171552660152,0.7969598262757872,0.8230184581976113,0.8251900108577633,0.8089033659066233,0.8458197611292074,0.8545059717698155,0.8197611292073833,0.8089033659066233,0.8165038002171553,0.7893593919652552,0.7774158523344191,0.8762214983713354,0.8284473398479913,0.8273615635179153,0.8273615635179153,0.761129207383279,0.8284473398479913,35
11111111111111111111111111111111111,5,"[1, 2, 3, 4, 5, 6, 7, 8, 9, 10, 11, 12, 13, 14, 15, 16, 17, 18, 19, 20, 21, 22, 23, 24, 25, 26, 27, 28, 29, 30, 31, 32, 33, 34, 35]",0.9174809989142236,39,10,0.7817589576547231,0.8241042345276873,0.8490770901194354,0.7991313789359392,0.8078175895765473,0.8653637350705755,0.8425624321389794,0.8469055374592834,0.8490770901194354,0.8479913137893594,0.8045602605863192,0.7926167209554832,0.7904451682953312,0.8132464712269273,0.8175895765472313,0.7817589576547231,0.8078175895765473,0.7937024972855592,0.8317046688382194,0.8349619978284474,0.8110749185667753,0.752442996742671,0.7991313789359392,0.8110749185667753,0.8479913137893594,0.8349619978284474,0.8099891422366993,0.7828447339847991,0.8523344191096635,0.8306188925081434,0.7795874049945711,0.8295331161780674,0.8686210640608035,0.8208469055374593,0.8371335504885994,35
11111111111111111111111111111111111,5,"[1, 2, 3, 4, 5, 6, 7, 8, 9, 10, 11, 12, 13, 14, 15, 16, 17, 18, 19, 20, 21, 22, 23, 24, 25, 26, 27, 28, 29, 30, 31, 32, 33, 34, 35]",0.9185667752442996,40,10,0.8067318132464713,0.7763300760043431,0.7871878393051032,0.7958740499457112,0.8186753528773073,0.8273615635179153,0.8577633007600435,0.8349619978284474,0.8566775244299675,0.8165038002171553,0.7980456026058632,0.8143322475570033,0.8501628664495114,0.8555917480998915,0.8414766558089034,0.8132464712269273,0.7980456026058632,0.8512486427795874,0.8175895765472313,0.8002171552660152,0.8002171552660152,0.8208469055374593,0.8393051031487514,0.7828447339847991,0.8034744842562432,0.8078175895765473,0.8078175895765473,0.7861020629750272,0.8349619978284474,0.7915309446254072,0.8371335504885994,0.8067318132464713,0.8403908794788274,0.8371335504885994,0.8523344191096635,35
11111111111111111111111111111111111,5,"[1, 2, 3, 4, 5, 6, 7, 8, 9, 10, 11, 12, 13, 14, 15, 16, 17, 18, 19, 20, 21, 22, 23, 24, 25, 26, 27, 28, 29, 30, 31, 32, 33, 34, 35]",0.9218241042345277,41,10,0.8208469055374593,0.7654723127035831,0.8447339847991314,0.8621064060803475,0.8175895765472313,0.7839305103148752,0.8251900108577633,0.7904451682953312,0.8295331161780674,0.8034744842562432,0.8067318132464713,0.8327904451682954,0.8241042345276873,0.8327904451682954,0.8045602605863192,0.8186753528773073,0.7730727470141151,0.8436482084690554,0.7937024972855592,0.8143322475570033,0.8219326818675353,0.8197611292073833,0.8338762214983714,0.7785016286644951,0.8403908794788274,0.8165038002171553,0.8479913137893594,0.8414766558089034,0.8023887079261672,0.8099891422366993,0.8599348534201955,0.8230184581976113,0.8382193268186754,0.753528773072747,0.7719869706840391,35
11111111111111111111111111111111111,5,"[1, 2, 3, 4, 5, 6, 7, 8, 9, 10, 11, 12, 13, 14, 15, 16, 17, 18, 19, 20, 21, 22, 23, 24, 25, 26, 27, 28, 29, 30, 31, 32, 33, 34, 35]",0.9239956568946797,42,10,0.8078175895765473,0.8023887079261672,0.8197611292073833,0.8414766558089034,0.8208469055374593,0.8273615635179153,0.8154180238870793,0.7709011943539631,0.8414766558089034,0.8469055374592834,0.7817589576547231,0.8251900108577633,0.8175895765472313,0.8284473398479913,0.8360477741585234,0.7991313789359392,0.8393051031487514,0.8306188925081434,0.8132464712269273,0.8121606948968513,0.8447339847991314,0.8306188925081434,0.8056460369163952,0.8056460369163952,0.8425624321389794,0.8306188925081434,0.8577633007600435,0.8501628664495114,0.8414766558089034,0.8121606948968513,0.8067318132464713,0.8186753528773073,0.7882736156351792,0.8327904451682954,0.8230184581976113,35
11111111111111111111111111111111111,5,"[1, 2, 3, 4, 5, 6, 7, 8, 9, 10, 11, 12, 13, 14, 15, 16, 17, 18, 19, 20, 21, 22, 23, 24, 25, 26, 27, 28, 29, 30, 31, 32, 33, 34, 35]",0.9142236699239956,43,10,0.7958740499457112,0.8490770901194354,0.8349619978284474,0.8414766558089034,0.7785016286644951,0.8186753528773073,0.8089033659066233,0.8132464712269273,0.7980456026058632,0.8360477741585234,0.7904451682953312,0.8034744842562432,0.8067318132464713,0.8262757871878393,0.8219326818675353,0.8023887079261672,0.7969598262757872,0.8186753528773073,0.8230184581976113,0.8425624321389794,0.7904451682953312,0.8458197611292074,0.8273615635179153,0.8469055374592834,0.8143322475570033,0.7926167209554832,0.8697068403908795,0.8175895765472313,0.7752442996742671,0.8555917480998915,0.8371335504885994,0.8089033659066233,0.755700325732899,0.8306188925081434,0.8208469055374593,35
11111111111111111111111111111111111,5,"[1, 2, 3, 4, 5, 6, 7, 8, 9, 10, 11, 12, 13, 14, 15, 16, 17, 18, 19, 20, 21, 22, 23, 24, 25, 26, 27, 28, 29, 30, 31, 32, 33, 34, 35]",0.9163952225841476,44,10,0.8045602605863192,0.7806731813246471,0.8490770901194354,0.8317046688382194,0.8729641693811075,0.8588490770901195,0.8175895765472313,0.8262757871878393,0.8436482084690554,0.8284473398479913,0.8241042345276873,0.8186753528773073,0.8360477741585234,0.8241042345276873,0.8317046688382194,0.7774158523344191,0.7752442996742671,0.8458197611292074,0.8273615635179153,0.8588490770901195,0.7806731813246471,0.7687296416938111,0.7926167209554832,0.8403908794788274,0.8165038002171553,0.8295331161780674,0.8143322475570033,0.7719869706840391,0.8067318132464713,0.7904451682953312,0.8327904451682954,0.8306188925081434,0.8393051031487514,0.7774158523344191,0.8110749185667753,35
11111111111111111111111111111111111,5,"[1, 2, 3, 4, 5, 6, 7, 8, 9, 10, 11, 12, 13, 14, 15, 16, 17, 18, 19, 20, 21, 22, 23, 24, 25, 26, 27, 28, 29, 30, 31, 32, 33, 34, 35]",0.9239956568946797,45,10,0.8175895765472313,0.8295331161780674,0.7980456026058632,0.8154180238870793,0.8197611292073833,0.8208469055374593,0.7774158523344191,0.8132464712269273,0.8034744842562432,0.8078175895765473,0.8490770901194354,0.8414766558089034,0.8414766558089034,0.8306188925081434,0.8219326818675353,0.8197611292073833,0.8382193268186754,0.8186753528773073,0.8523344191096635,0.8034744842562432,0.8295331161780674,0.7687296416938111,0.7231270358306189,0.7730727470141151,0.8512486427795874,0.8317046688382194,0.8371335504885994,0.7904451682953312,0.8165038002171553,0.8110749185667753,0.7980456026058632,0.8186753528773073,0.8078175895765473,0.8284473398479913,0.7806731813246471,35
11111111111111111111111111111111111,5,"[1, 2, 3, 4, 5, 6, 7, 8, 9, 10, 11, 12, 13, 14, 15, 16, 17, 18, 19, 20, 21, 22, 23, 24, 25, 26, 27, 28, 29, 30, 31, 32, 33, 34, 35]",0.9142236699239956,46,10,0.7850162866449512,0.8034744842562432,0.7915309446254072,0.8382193268186754,0.8045602605863192,0.8284473398479913,0.7969598262757872,0.8534201954397395,0.8479913137893594,0.8110749185667753,0.8664495114006515,0.7893593919652552,0.8197611292073833,0.8241042345276873,0.8197611292073833,0.7882736156351792,0.8469055374592834,0.7980456026058632,0.8089033659066233,0.8175895765472313,0.8273615635179153,0.7850162866449512,0.7991313789359392,0.8403908794788274,0.8414766558089034,0.7926167209554832,0.7980456026058632,0.8382193268186754,0.8479913137893594,0.7926167209554832,0.8653637350705755,0.8002171552660152,0.8197611292073833,0.748099891422367,0.8002171552660152,35
11111111111111111111111111111111111,5,"[1, 2, 3, 4, 5, 6, 7, 8, 9, 10, 11, 12, 13, 14, 15, 16, 17, 18, 19, 20, 21, 22, 23, 24, 25, 26, 27, 28, 29, 30, 31, 32, 33, 34, 35]",0.9196525515743756,47,10,0.8349619978284474,0.7828447339847991,0.8099891422366993,0.8121606948968513,0.8078175895765473,0.7752442996742671,0.8056460369163952,0.8251900108577633,0.8317046688382194,0.8740499457111836,0.8642779587404995,0.8534201954397395,0.8034744842562432,0.8186753528773073,0.8664495114006515,0.8002171552660152,0.7980456026058632,0.8089033659066233,0.7839305103148752,0.8512486427795874,0.8295331161780674,0.7926167209554832,0.8002171552660152,0.8089033659066233,0.8175895765472313,0.8219326818675353,0.8262757871878393,0.8371335504885994,0.7828447339847991,0.7893593919652552,0.8251900108577633,0.7871878393051032,0.8469055374592834,0.7817589576547231,0.8414766558089034,35
11111111111111111111111111111111111,5,"[1, 2, 3, 4, 5, 6, 7, 8, 9, 10, 11, 12, 13, 14, 15, 16, 17, 18, 19, 20, 21, 22, 23, 24, 25, 26, 27, 28, 29, 30, 31, 32, 33, 34, 35]",0.9131378935939196,48,10,0.8458197611292074,0.750271444082519,0.8143322475570033,0.8501628664495114,0.8132464712269273,0.8002171552660152,0.8219326818675353,0.8382193268186754,0.8241042345276873,0.8414766558089034,0.8490770901194354,0.8121606948968513,0.8165038002171553,0.8045602605863192,0.8099891422366993,0.8002171552660152,0.7795874049945711,0.7643865363735071,0.8469055374592834,0.8327904451682954,0.8121606948968513,0.8284473398479913,0.8251900108577633,0.8013029315960912,0.7958740499457112,0.8121606948968513,0.8132464712269273,0.8621064060803475,0.745928338762215,0.7904451682953312,0.8219326818675353,0.7231270358306189,0.7676438653637351,0.8794788273615635,0.8154180238870793,35
11111111111111111111111111111111111,5,"[1, 2, 3, 4, 5, 6, 7, 8, 9, 10, 11, 12, 13, 14, 15, 16, 17, 18, 19, 20, 21, 22, 23, 24, 25, 26, 27, 28, 29, 30, 31, 32, 33, 34, 35]",0.9207383279044516,49,10,0.8327904451682954,0.7937024972855592,0.8588490770901195,0.8013029315960912,0.8241042345276873,0.7871878393051032,0.8371335504885994,0.8132464712269273,0.8382193268186754,0.8067318132464713,0.8371335504885994,0.8599348534201955,0.8089033659066233,0.8555917480998915,0.8631921824104235,0.8338762214983714,0.8371335504885994,0.8219326818675353,0.8555917480998915,0.8360477741585234,0.8371335504885994,0.8132464712269273,0.7937024972855592,0.8273615635179153,0.8523344191096635,0.8175895765472313,0.8186753528773073,0.757871878393051,0.7991313789359392,0.8056460369163952,0.8317046688382194,0.8284473398479913,0.762214983713355,0.8458197611292074,0.8067318132464713,35
11111111111111111111111111111111111,5,"[1, 2, 3, 4, 5, 6, 7, 8, 9, 10, 11, 12, 13, 14, 15, 16, 17, 18, 19, 20, 21, 22, 23, 24, 25, 26, 27, 28, 29, 30, 31, 32, 33, 34, 35]",0.9163952225841476,50,10,0.8165038002171553,0.7719869706840391,0.7806731813246471,0.8175895765472313,0.7958740499457112,0.8219326818675353,0.8165038002171553,0.7861020629750272,0.8338762214983714,0.7296416938110749,0.8447339847991314,0.8599348534201955,0.8338762214983714,0.7904451682953312,0.7991313789359392,0.8132464712269273,0.8371335504885994,0.8197611292073833,0.7730727470141151,0.8143322475570033,0.8034744842562432,0.8349619978284474,0.7926167209554832,0.8360477741585234,0.8284473398479913,0.8436482084690554,0.8056460369163952,0.8099891422366993,0.7785016286644951,0.8523344191096635,0.8197611292073833,0.8056460369163952,0.8458197611292074,0.8327904451682954,0.8241042345276873,35
11111111111111111111111111111111111,5,"[1, 2, 3, 4, 5, 6, 7, 8, 9, 10, 11, 12, 13, 14, 15, 16, 17, 18, 19, 20, 21, 22, 23, 24, 25, 26, 27, 28, 29, 30, 31, 32, 33, 34, 35]",0.9153094462540716,1,100,0.742671009771987,0.7850162866449512,0.7839305103148752,0.8436482084690554,0.8545059717698155,0.8338762214983714,0.7926167209554832,0.8729641693811075,0.8469055374592834,0.8273615635179153,0.8675352877307275,0.7871878393051032,0.8186753528773073,0.8110749185667753,0.8023887079261672,0.8479913137893594,0.8523344191096635,0.7861020629750272,0.8165038002171553,0.8273615635179153,0.7850162866449512,0.8371335504885994,0.8078175895765473,0.8447339847991314,0.8403908794788274,0.8186753528773073,0.8338762214983714,0.8479913137893594,0.757871878393051,0.8186753528773073,0.7839305103148752,0.8447339847991314,0.8056460369163952,0.8208469055374593,0.8349619978284474,35
11111111111111111111111111111111111,5,"[1, 2, 3, 4, 5, 6, 7, 8, 9, 10, 11, 12, 13, 14, 15, 16, 17, 18, 19, 20, 21, 22, 23, 24, 25, 26, 27, 28, 29, 30, 31, 32, 33, 34, 35]",0.9174809989142236,2,100,0.7861020629750272,0.8403908794788274,0.7882736156351792,0.8230184581976113,0.7926167209554832,0.8045602605863192,0.8469055374592834,0.8588490770901195,0.8371335504885994,0.7980456026058632,0.8555917480998915,0.8458197611292074,0.7828447339847991,0.8284473398479913,0.8295331161780674,0.7937024972855592,0.8393051031487514,0.7850162866449512,0.7926167209554832,0.7730727470141151,0.8251900108577633,0.8360477741585234,0.7882736156351792,0.745928338762215,0.8241042345276873,0.8208469055374593,0.7850162866449512,0.8175895765472313,0.7676438653637351,0.8045602605863192,0.7969598262757872,0.8132464712269273,0.8545059717698155,0.8295331161780674,0.8013029315960912,35
11111111111111111111111111111111111,5,"[1, 2, 3, 4, 5, 6, 7, 8, 9, 10, 11, 12, 13, 14, 15, 16, 17, 18, 19, 20, 21, 22, 23, 24, 25, 26, 27, 28, 29, 30, 31, 32, 33, 34, 35]",0.9174809989142236,3,100,0.7839305103148752,0.8610206297502715,0.7763300760043431,0.8241042345276873,0.8251900108577633,0.8501628664495114,0.8089033659066233,0.8414766558089034,0.8251900108577633,0.8023887079261672,0.8599348534201955,0.8121606948968513,0.8089033659066233,0.8382193268186754,0.8469055374592834,0.7861020629750272,0.8197611292073833,0.8121606948968513,0.8023887079261672,0.7817589576547231,0.8327904451682954,0.8197611292073833,0.8403908794788274,0.7795874049945711,0.8403908794788274,0.7665580890336591,0.7850162866449512,0.8447339847991314,0.8588490770901195,0.8241042345276873,0.8143322475570033,0.8414766558089034,0.8175895765472313,0.7795874049945711,0.7839305103148752,35
11111111111111111111111111111111111,5,"[1, 2, 3, 4, 5, 6, 7, 8, 9, 10, 11, 12, 13, 14, 15, 16, 17, 18, 19, 20, 21, 22, 23, 24, 25, 26, 27, 28, 29, 30, 31, 32, 33, 34, 35]",0.9272529858849077,4,100,0.8132464712269273,0.8773072747014115,0.8317046688382194,0.8241042345276873,0.8034744842562432,0.7861020629750272,0.7752442996742671,0.8371335504885994,0.8327904451682954,0.8023887079261672,0.8317046688382194,0.8175895765472313,0.7741585233441911,0.8241042345276873,0.8262757871878393,0.8327904451682954,0.8023887079261672,0.7969598262757872,0.8588490770901195,0.8393051031487514,0.8099891422366993,0.7763300760043431,0.8056460369163952,0.7947882736156352,0.8403908794788274,0.8284473398479913,0.8707926167209555,0.8013029315960912,0.8479913137893594,0.8284473398479913,0.8534201954397395,0.7785016286644951,0.8425624321389794,0.7839305103148752,0.8089033659066233,35
11111111111111111111111111111111111,5,"[1, 2, 3, 4, 5, 6, 7, 8, 9, 10, 11, 12, 13, 14, 15, 16, 17, 18, 19, 20, 21, 22, 23, 24, 25, 26, 27, 28, 29, 30, 31, 32, 33, 34, 35]",0.9131378935939196,5,100,0.7937024972855592,0.8002171552660152,0.8175895765472313,0.8458197611292074,0.8034744842562432,0.8262757871878393,0.8045602605863192,0.8414766558089034,0.8273615635179153,0.8034744842562432,0.7882736156351792,0.7991313789359392,0.8013029315960912,0.8186753528773073,0.8545059717698155,0.8653637350705755,0.7893593919652552,0.8295331161780674,0.762214983713355,0.8338762214983714,0.8034744842562432,0.758957654723127,0.8078175895765473,0.8501628664495114,0.8273615635179153,0.7958740499457112,0.7991313789359392,0.8186753528773073,0.8219326818675353,0.8099891422366993,0.7839305103148752,0.7947882736156352,0.7991313789359392,0.755700325732899,0.8349619978284474,35
11111111111111111111111111111111111,5,"[1, 2, 3, 4, 5, 6, 7, 8, 9, 10, 11, 12, 13, 14, 15, 16, 17, 18, 19, 20, 21, 22, 23, 24, 25, 26, 27, 28, 29, 30, 31, 32, 33, 34, 35]",0.9077090119435396,6,100,0.7698154180238871,0.8241042345276873,0.8002171552660152,0.8479913137893594,0.8089033659066233,0.8360477741585234,0.8154180238870793,0.8284473398479913,0.7850162866449512,0.8121606948968513,0.8110749185667753,0.754614549402823,0.8197611292073833,0.8349619978284474,0.8143322475570033,0.7991313789359392,0.8621064060803475,0.8002171552660152,0.7839305103148752,0.7861020629750272,0.8154180238870793,0.8349619978284474,0.8317046688382194,0.8219326818675353,0.8610206297502715,0.8034744842562432,0.7882736156351792,0.7980456026058632,0.8317046688382194,0.758957654723127,0.8034744842562432,0.8371335504885994,0.7654723127035831,0.8034744842562432,0.7904451682953312,35
11111111111111111111111111111111111,5,"[1, 2, 3, 4, 5, 6, 7, 8, 9, 10, 11, 12, 13, 14, 15, 16, 17, 18, 19, 20, 21, 22, 23, 24, 25, 26, 27, 28, 29, 30, 31, 32, 33, 34, 35]",0.9218241042345277,7,100,0.8425624321389794,0.8197611292073833,0.7947882736156352,0.8697068403908795,0.8371335504885994,0.8197611292073833,0.8197611292073833,0.8317046688382194,0.8349619978284474,0.8295331161780674,0.8512486427795874,0.8393051031487514,0.8186753528773073,0.755700325732899,0.8306188925081434,0.7871878393051032,0.7871878393051032,0.8403908794788274,0.8273615635179153,0.8110749185667753,0.8545059717698155,0.8186753528773073,0.8447339847991314,0.8110749185667753,0.8002171552660152,0.8512486427795874,0.7969598262757872,0.8762214983713354,0.8534201954397395,0.7633007600434311,0.7828447339847991,0.8501628664495114,0.8284473398479913,0.8132464712269273,0.8306188925081434,35
11111111111111111111111111111111111,5,"[1, 2, 3, 4, 5, 6, 7, 8, 9, 10, 11, 12, 13, 14, 15, 16, 17, 18, 19, 20, 21, 22, 23, 24, 25, 26, 27, 28, 29, 30, 31, 32, 33, 34, 35]",0.9174809989142236,8,100,0.7741585233441911,0.8110749185667753,0.8436482084690554,0.8371335504885994,0.7958740499457112,0.8056460369163952,0.8186753528773073,0.8534201954397395,0.8555917480998915,0.8403908794788274,0.8013029315960912,0.8349619978284474,0.8295331161780674,0.8034744842562432,0.8295331161780674,0.7937024972855592,0.8545059717698155,0.7947882736156352,0.7893593919652552,0.8175895765472313,0.8327904451682954,0.8056460369163952,0.8241042345276873,0.7980456026058632,0.8338762214983714,0.8338762214983714,0.8707926167209555,0.8360477741585234,0.7882736156351792,0.8230184581976113,0.8555917480998915,0.7719869706840391,0.8447339847991314,0.8078175895765473,0.8338762214983714,35
11111111111111111111111111111111111,5,"[1, 2, 3, 4, 5, 6, 7, 8, 9, 10, 11, 12, 13, 14, 15, 16, 17, 18, 19, 20, 21, 22, 23, 24, 25, 26, 27, 28, 29, 30, 31, 32, 33, 34, 35]",0.9098805646036916,9,100,0.8251900108577633,0.7861020629750272,0.7850162866449512,0.8349619978284474,0.7958740499457112,0.8327904451682954,0.8686210640608035,0.8675352877307275,0.8317046688382194,0.7980456026058632,0.8056460369163952,0.8555917480998915,0.7795874049945711,0.8393051031487514,0.7991313789359392,0.8143322475570033,0.8458197611292074,0.8360477741585234,0.7882736156351792,0.8425624321389794,0.8588490770901195,0.8317046688382194,0.8545059717698155,0.7795874049945711,0.7937024972855592,0.8805646036916395,0.8610206297502715,0.8175895765472313,0.760043431053203,0.8295331161780674,0.8078175895765473,0.8023887079261672,0.7969598262757872,0.8338762214983714,0.7904451682953312,35
11111111111111111111111111111111111,5,"[1, 2, 3, 4, 5, 6, 7, 8, 9, 10, 11, 12, 13, 14, 15, 16, 17, 18, 19, 20, 21, 22, 23, 24, 25, 26, 27, 28, 29, 30, 31, 32, 33, 34, 35]",0.9185667752442996,10,100,0.8393051031487514,0.8230184581976113,0.8588490770901195,0.8479913137893594,0.8631921824104235,0.8262757871878393,0.8458197611292074,0.8479913137893594,0.8034744842562432,0.8621064060803475,0.8262757871878393,0.7882736156351792,0.7698154180238871,0.8186753528773073,0.8653637350705755,0.8197611292073833,0.7698154180238871,0.762214983713355,0.8154180238870793,0.7795874049945711,0.8230184581976113,0.8403908794788274,0.8099891422366993,0.7915309446254072,0.7709011943539631,0.8175895765472313,0.7828447339847991,0.8251900108577633,0.8241042345276873,0.8555917480998915,0.8425624321389794,0.8219326818675353,0.8512486427795874,0.8089033659066233,0.8241042345276873,35
11111111111111111111111111111111111,5,"[1, 2, 3, 4, 5, 6, 7, 8, 9, 10, 11, 12, 13, 14, 15, 16, 17, 18, 19, 20, 21, 22, 23, 24, 25, 26, 27, 28, 29, 30, 31, 32, 33, 34, 35]",0.9120521172638436,11,100,0.8925081433224755,0.7752442996742671,0.8273615635179153,0.8349619978284474,0.8230184581976113,0.8067318132464713,0.8219326818675353,0.8273615635179153,0.8371335504885994,0.8045602605863192,0.8186753528773073,0.7806731813246471,0.8414766558089034,0.7633007600434311,0.8110749185667753,0.8490770901194354,0.8251900108577633,0.7144408251900108,0.8512486427795874,0.8697068403908795,0.8403908794788274,0.8284473398479913,0.8523344191096635,0.8143322475570033,0.8175895765472313,0.8143322475570033,0.8458197611292074,0.8327904451682954,0.7980456026058632,0.8414766558089034,0.8458197611292074,0.7969598262757872,0.8186753528773073,0.8490770901194354,0.8545059717698155,35
11111111111111111111111111111111111,5,"[1, 2, 3, 4, 5, 6, 7, 8, 9, 10, 11, 12, 13, 14, 15, 16, 17, 18, 19, 20, 21, 22, 23, 24, 25, 26, 27, 28, 29, 30, 31, 32, 33, 34, 35]",0.9077090119435396,12,100,0.7698154180238871,0.8241042345276873,0.8002171552660152,0.8479913137893594,0.8089033659066233,0.8360477741585234,0.8154180238870793,0.8284473398479913,0.7850162866449512,0.8121606948968513,0.8110749185667753,0.754614549402823,0.8197611292073833,0.8349619978284474,0.8143322475570033,0.7991313789359392,0.8621064060803475,0.8002171552660152,0.7839305103148752,0.7861020629750272,0.8154180238870793,0.8349619978284474,0.8317046688382194,0.8219326818675353,0.8610206297502715,0.8034744842562432,0.7882736156351792,0.7980456026058632,0.8317046688382194,0.758957654723127,0.8034744842562432,0.8371335504885994,0.7654723127035831,0.8034744842562432,0.7904451682953312,35
11111111111111111111111111111111111,5,"[1, 2, 3, 4, 5, 6, 7, 8, 9, 10, 11, 12, 13, 14, 15, 16, 17, 18, 19, 20, 21, 22, 23, 24, 25, 26, 27, 28, 29, 30, 31, 32, 33, 34, 35]",0.9131378935939196,13,100,0.8631921824104235,0.7882736156351792,0.8577633007600435,0.7980456026058632,0.8534201954397395,0.7752442996742671,0.8306188925081434,0.8132464712269273,0.8403908794788274,0.7882736156351792,0.7654723127035831,0.8653637350705755,0.8273615635179153,0.8110749185667753,0.8295331161780674,0.8414766558089034,0.7774158523344191,0.8610206297502715,0.8523344191096635,0.8132464712269273,0.7991313789359392,0.8175895765472313,0.8447339847991314,0.8099891422366993,0.8360477741585234,0.756786102062975,0.8284473398479913,0.8469055374592834,0.8545059717698155,0.8110749185667753,0.7937024972855592,0.8349619978284474,0.7969598262757872,0.8067318132464713,0.8067318132464713,35
11111111111111111111111111111111111,5,"[1, 2, 3, 4, 5, 6, 7, 8, 9, 10, 11, 12, 13, 14, 15, 16, 17, 18, 19, 20, 21, 22, 23, 24, 25, 26, 27, 28, 29, 30, 31, 32, 33, 34, 35]",0.9120521172638436,14,100,0.8566775244299675,0.7882736156351792,0.8197611292073833,0.7861020629750272,0.8458197611292074,0.8132464712269273,0.8479913137893594,0.8382193268186754,0.7893593919652552,0.7991313789359392,0.8013029315960912,0.8219326818675353,0.8469055374592834,0.7904451682953312,0.8045602605863192,0.752442996742671,0.8425624321389794,0.8610206297502715,0.8458197611292074,0.7904451682953312,0.8165038002171553,0.8175895765472313,0.8002171552660152,0.8295331161780674,0.7861020629750272,0.8393051031487514,0.8197611292073833,0.7958740499457112,0.8317046688382194,0.7828447339847991,0.8327904451682954,0.7741585233441911,0.8262757871878393,0.7904451682953312,0.8555917480998915,35
11111111111111111111111111111111111,5,"[1, 2, 3, 4, 5, 6, 7, 8, 9, 10, 11, 12, 13, 14, 15, 16, 17, 18, 19, 20, 21, 22, 23, 24, 25, 26, 27, 28, 29, 30, 31, 32, 33, 34, 35]",0.9120521172638436,15,100,0.8317046688382194,0.8034744842562432,0.8045602605863192,0.8219326818675353,0.8143322475570033,0.7969598262757872,0.8555917480998915,0.8447339847991314,0.8143322475570033,0.8186753528773073,0.8143322475570033,0.7806731813246471,0.8034744842562432,0.8349619978284474,0.8154180238870793,0.8349619978284474,0.7980456026058632,0.8089033659066233,0.8306188925081434,0.7882736156351792,0.8045602605863192,0.8132464712269273,0.8110749185667753,0.8729641693811075,0.7817589576547231,0.8013029315960912,0.8175895765472313,0.7926167209554832,0.7969598262757872,0.7861020629750272,0.761129207383279,0.8099891422366993,0.8469055374592834,0.8338762214983714,0.7122692725298588,35
11111111111111111111111111111111111,5,"[1, 2, 3, 4, 5, 6, 7, 8, 9, 10, 11, 12, 13, 14, 15, 16, 17, 18, 19, 20, 21, 22, 23, 24, 25, 26, 27, 28, 29, 30, 31, 32, 33, 34, 35]",0.9098805646036916,16,100,0.7980456026058632,0.8089033659066233,0.8197611292073833,0.8338762214983714,0.8599348534201955,0.8458197611292074,0.8295331161780674,0.8262757871878393,0.757871878393051,0.7839305103148752,0.8740499457111836,0.8241042345276873,0.8490770901194354,0.8197611292073833,0.7991313789359392,0.8165038002171553,0.8382193268186754,0.8360477741585234,0.8306188925081434,0.7904451682953312,0.8414766558089034,0.7861020629750272,0.8034744842562432,0.8599348534201955,0.7969598262757872,0.7774158523344191,0.7947882736156352,0.8469055374592834,0.8403908794788274,0.8577633007600435,0.752442996742671,0.7861020629750272,0.747014115092291,0.8751357220412594,0.8208469055374593,35
11111111111111111111111111111111111,5,"[1, 2, 3, 4, 5, 6, 7, 8, 9, 10, 11, 12, 13, 14, 15, 16, 17, 18, 19, 20, 21, 22, 23, 24, 25, 26, 27, 28, 29, 30, 31, 32, 33, 34, 35]",0.9207383279044516,17,100,0.8588490770901195,0.8197611292073833,0.8056460369163952,0.8175895765472313,0.762214983713355,0.8707926167209555,0.8599348534201955,0.8881650380021715,0.8414766558089034,0.7969598262757872,0.8121606948968513,0.7893593919652552,0.7882736156351792,0.8284473398479913,0.8132464712269273,0.8175895765472313,0.7665580890336591,0.8360477741585234,0.758957654723127,0.7850162866449512,0.8458197611292074,0.8056460369163952,0.8045602605863192,0.8099891422366993,0.8067318132464713,0.8219326818675353,0.8371335504885994,0.8512486427795874,0.8121606948968513,0.8349619978284474,0.8143322475570033,0.7991313789359392,0.8186753528773073,0.7839305103148752,0.8295331161780674,35
11111111111111111111111111111111111,5,"[1, 2, 3, 4, 5, 6, 7, 8, 9, 10, 11, 12, 13, 14, 15, 16, 17, 18, 19, 20, 21, 22, 23, 24, 25, 26, 27, 28, 29, 30, 31, 32, 33, 34, 35]",0.9163952225841476,18,100,0.8089033659066233,0.8501628664495114,0.8306188925081434,0.8251900108577633,0.7871878393051032,0.8338762214983714,0.8403908794788274,0.7719869706840391,0.8056460369163952,0.7937024972855592,0.8013029315960912,0.7698154180238871,0.7947882736156352,0.8425624321389794,0.7839305103148752,0.755700325732899,0.7893593919652552,0.8067318132464713,0.7947882736156352,0.7958740499457112,0.8078175895765473,0.8121606948968513,0.760043431053203,0.7730727470141151,0.8621064060803475,0.8197611292073833,0.8740499457111836,0.8251900108577633,0.8295331161780674,0.8241042345276873,0.7947882736156352,0.8447339847991314,0.8349619978284474,0.8284473398479913,0.8447339847991314,35
11111111111111111111111111111111111,5,"[1, 2, 3, 4, 5, 6, 7, 8, 9, 10, 11, 12, 13, 14, 15, 16, 17, 18, 19, 20, 21, 22, 23, 24, 25, 26, 27, 28, 29, 30, 31, 32, 33, 34, 35]",0.9239956568946797,19,100,0.7882736156351792,0.8056460369163952,0.7947882736156352,0.8143322475570033,0.8034744842562432,0.7785016286644951,0.8327904451682954,0.8588490770901195,0.7915309446254072,0.8208469055374593,0.7763300760043431,0.7991313789359392,0.8642779587404995,0.8295331161780674,0.8056460369163952,0.8186753528773073,0.7947882736156352,0.8566775244299675,0.7795874049945711,0.8208469055374593,0.7926167209554832,0.8414766558089034,0.8143322475570033,0.8403908794788274,0.8338762214983714,0.8262757871878393,0.8175895765472313,0.7795874049945711,0.8371335504885994,0.8425624321389794,0.8186753528773073,0.7741585233441911,0.7969598262757872,0.8241042345276873,0.7817589576547231,35
11111111111111111111111111111111111,5,"[1, 2, 3, 4, 5, 6, 7, 8, 9, 10, 11, 12, 13, 14, 15, 16, 17, 18, 19, 20, 21, 22, 23, 24, 25, 26, 27, 28, 29, 30, 31, 32, 33, 34, 35]",0.9131378935939196,20,100,0.8121606948968513,0.8110749185667753,0.7893593919652552,0.7871878393051032,0.8208469055374593,0.8089033659066233,0.8186753528773073,0.8165038002171553,0.8143322475570033,0.7817589576547231,0.7133550488599348,0.8371335504885994,0.8490770901194354,0.8175895765472313,0.8436482084690554,0.7947882736156352,0.8002171552660152,0.8534201954397395,0.7991313789359392,0.8034744842562432,0.8132464712269273,0.8338762214983714,0.8067318132464713,0.7882736156351792,0.8251900108577633,0.8089033659066233,0.8371335504885994,0.7991313789359392,0.8707926167209555,0.8143322475570033,0.8295331161780674,0.8067318132464713,0.8197611292073833,0.8089033659066233,0.7828447339847991,35
11111111111111111111111111111111111,5,"[1, 2, 3, 4, 5, 6, 7, 8, 9, 10, 11, 12, 13, 14, 15, 16, 17, 18, 19, 20, 21, 22, 23, 24, 25, 26, 27, 28, 29, 30, 31, 32, 33, 34, 35]",0.9131378935939196,21,100,0.8534201954397395,0.8555917480998915,0.8349619978284474,0.7861020629750272,0.7709011943539631,0.8013029315960912,0.8327904451682954,0.8545059717698155,0.8317046688382194,0.7871878393051032,0.8208469055374593,0.7882736156351792,0.8251900108577633,0.8002171552660152,0.8284473398479913,0.7861020629750272,0.8067318132464713,0.8501628664495114,0.8089033659066233,0.8013029315960912,0.8002171552660152,0.8371335504885994,0.8686210640608035,0.8013029315960912,0.8175895765472313,0.8414766558089034,0.8230184581976113,0.7958740499457112,0.8317046688382194,0.8306188925081434,0.8219326818675353,0.8523344191096635,0.7719869706840391,0.7372421281216069,0.8610206297502715,35
11111111111111111111111111111111111,5,"[1, 2, 3, 4, 5, 6, 7, 8, 9, 10, 11, 12, 13, 14, 15, 16, 17, 18, 19, 20, 21, 22, 23, 24, 25, 26, 27, 28, 29, 30, 31, 32, 33, 34, 35]",0.9055374592833876,22,100,0.7709011943539631,0.7752442996742671,0.8154180238870793,0.7893593919652552,0.8284473398479913,0.8469055374592834,0.8067318132464713,0.8121606948968513,0.8425624321389794,0.7947882736156352,0.7969598262757872,0.7904451682953312,0.8425624321389794,0.8534201954397395,0.7893593919652552,0.8208469055374593,0.7839305103148752,0.7795874049945711,0.8056460369163952,0.8219326818675353,0.8783930510314875,0.7871878393051032,0.7850162866449512,0.8371335504885994,0.8338762214983714,0.8697068403908795,0.7937024972855592,0.8002171552660152,0.8338762214983714,0.7806731813246471,0.7937024972855592,0.8002171552660152,0.8143322475570033,0.8653637350705755,0.8317046688382194,35
11111111111111111111111111111111111,5,"[1, 2, 3, 4, 5, 6, 7, 8, 9, 10, 11, 12, 13, 14, 15, 16, 17, 18, 19, 20, 21, 22, 23, 24, 25, 26, 27, 28, 29, 30, 31, 32, 33, 34, 35]",0.9120521172638436,23,100,0.8306188925081434,0.8219326818675353,0.8208469055374593,0.7687296416938111,0.8425624321389794,0.7806731813246471,0.8295331161780674,0.8545059717698155,0.8436482084690554,0.7861020629750272,0.8251900108577633,0.8414766558089034,0.8599348534201955,0.8317046688382194,0.8056460369163952,0.7969598262757872,0.7785016286644951,0.8251900108577633,0.7861020629750272,0.8110749185667753,0.8273615635179153,0.8154180238870793,0.8078175895765473,0.7741585233441911,0.8327904451682954,0.8425624321389794,0.8165038002171553,0.8360477741585234,0.7947882736156352,0.7795874049945711,0.8458197611292074,0.756786102062975,0.8317046688382194,0.8436482084690554,0.8403908794788274,35
11111111111111111111111111111111111,5,"[1, 2, 3, 4, 5, 6, 7, 8, 9, 10, 11, 12, 13, 14, 15, 16, 17, 18, 19, 20, 21, 22, 23, 24, 25, 26, 27, 28, 29, 30, 31, 32, 33, 34, 35]",0.9055374592833876,24,100,0.8447339847991314,0.7915309446254072,0.8479913137893594,0.7904451682953312,0.8219326818675353,0.8621064060803475,0.8175895765472313,0.8121606948968513,0.7882736156351792,0.8393051031487514,0.7904451682953312,0.8273615635179153,0.8566775244299675,0.8110749185667753,0.8099891422366993,0.7991313789359392,0.7774158523344191,0.8349619978284474,0.8121606948968513,0.8534201954397395,0.8327904451682954,0.8219326818675353,0.8219326818675353,0.8154180238870793,0.760043431053203,0.8002171552660152,0.7926167209554832,0.8165038002171553,0.8338762214983714,0.8610206297502715,0.8523344191096635,0.8219326818675353,0.7915309446254072,0.8273615635179153,0.7871878393051032,35
11111111111111111111111111111111111,5,"[1, 2, 3, 4, 5, 6, 7, 8, 9, 10, 11, 12, 13, 14, 15, 16, 17, 18, 19, 20, 21, 22, 23, 24, 25, 26, 27, 28, 29, 30, 31, 32, 33, 34, 35]",0.9163952225841476,25,100,0.8154180238870793,0.8121606948968513,0.7763300760043431,0.8349619978284474,0.745928338762215,0.8458197611292074,0.7991313789359392,0.8165038002171553,0.6948968512486428,0.8013029315960912,0.7698154180238871,0.8175895765472313,0.8121606948968513,0.8729641693811075,0.8870792616720955,0.8143322475570033,0.8327904451682954,0.8295331161780674,0.8110749185667753,0.8295331161780674,0.7991313789359392,0.8458197611292074,0.8230184581976113,0.7937024972855592,0.760043431053203,0.8002171552660152,0.8414766558089034,0.7795874049945711,0.8175895765472313,0.8078175895765473,0.8458197611292074,0.8436482084690554,0.8067318132464713,0.8056460369163952,0.8599348534201955,35
11111111111111111111111111111111111,5,"[1, 2, 3, 4, 5, 6, 7, 8, 9, 10, 11, 12, 13, 14, 15, 16, 17, 18, 19, 20, 21, 22, 23, 24, 25, 26, 27, 28, 29, 30, 31, 32, 33, 34, 35]",0.9229098805646037,26,100,0.8175895765472313,0.8143322475570033,0.8251900108577633,0.8577633007600435,0.8262757871878393,0.8067318132464713,0.8175895765472313,0.7926167209554832,0.8414766558089034,0.8382193268186754,0.8013029315960912,0.8013029315960912,0.8360477741585234,0.7882736156351792,0.8186753528773073,0.7806731813246471,0.8132464712269273,0.8794788273615635,0.8545059717698155,0.8327904451682954,0.8273615635179153,0.8197611292073833,0.8284473398479913,0.8273615635179153,0.8479913137893594,0.7980456026058632,0.8414766558089034,0.8045602605863192,0.7785016286644951,0.8165038002171553,0.8099891422366993,0.8306188925081434,0.754614549402823,0.7871878393051032,0.8208469055374593,35
11111111111111111111111111111111111,5,"[1, 2, 3, 4, 5, 6, 7, 8, 9, 10, 11, 12, 13, 14, 15, 16, 17, 18, 19, 20, 21, 22, 23, 24, 25, 26, 27, 28, 29, 30, 31, 32, 33, 34, 35]",0.9153094462540716,27,100,0.8479913137893594,0.8165038002171553,0.8143322475570033,0.8338762214983714,0.8273615635179153,0.8208469055374593,0.7698154180238871,0.8023887079261672,0.8121606948968513,0.8219326818675353,0.8045602605863192,0.7839305103148752,0.761129207383279,0.8425624321389794,0.8284473398479913,0.8349619978284474,0.8458197611292074,0.7698154180238871,0.8338762214983714,0.7871878393051032,0.8121606948968513,0.8393051031487514,0.8490770901194354,0.8034744842562432,0.8545059717698155,0.8490770901194354,0.8056460369163952,0.8534201954397395,0.8165038002171553,0.8078175895765473,0.8143322475570033,0.8599348534201955,0.8241042345276873,0.8099891422366993,0.8317046688382194,35
11111111111111111111111111111111111,5,"[1, 2, 3, 4, 5, 6, 7, 8, 9, 10, 11, 12, 13, 14, 15, 16, 17, 18, 19, 20, 21, 22, 23, 24, 25, 26, 27, 28, 29, 30, 31, 32, 33, 34, 35]",0.9174809989142236,28,100,0.8002171552660152,0.8479913137893594,0.8631921824104235,0.8317046688382194,0.8371335504885994,0.8121606948968513,0.8686210640608035,0.8393051031487514,0.8230184581976113,0.8523344191096635,0.7980456026058632,0.8284473398479913,0.7926167209554832,0.8425624321389794,0.8740499457111836,0.7893593919652552,0.8089033659066233,0.8197611292073833,0.7806731813246471,0.8371335504885994,0.7687296416938111,0.8360477741585234,0.8382193268186754,0.8566775244299675,0.8327904451682954,0.7904451682953312,0.8078175895765473,0.8241042345276873,0.8436482084690554,0.8740499457111836,0.8067318132464713,0.8208469055374593,0.8034744842562432,0.8154180238870793,0.7969598262757872,35
11111111111111111111111111111111111,5,"[1, 2, 3, 4, 5, 6, 7, 8, 9, 10, 11, 12, 13, 14, 15, 16, 17, 18, 19, 20, 21, 22, 23, 24, 25, 26, 27, 28, 29, 30, 31, 32, 33, 34, 35]",0.9174809989142236,29,100,0.7947882736156352,0.761129207383279,0.8436482084690554,0.7904451682953312,0.8110749185667753,0.743756786102063,0.752442996742671,0.7991313789359392,0.8393051031487514,0.8317046688382194,0.8262757871878393,0.8186753528773073,0.8186753528773073,0.7806731813246471,0.8371335504885994,0.8186753528773073,0.7850162866449512,0.8045602605863192,0.8490770901194354,0.8610206297502715,0.8349619978284474,0.7795874049945711,0.8349619978284474,0.7882736156351792,0.8056460369163952,0.8523344191096635,0.8067318132464713,0.8284473398479913,0.8664495114006515,0.7947882736156352,0.8251900108577633,0.8566775244299675,0.8143322475570033,0.8186753528773073,0.757871878393051,35
11111111111111111111111111111111111,5,"[1, 2, 3, 4, 5, 6, 7, 8, 9, 10, 11, 12, 13, 14, 15, 16, 17, 18, 19, 20, 21, 22, 23, 24, 25, 26, 27, 28, 29, 30, 31, 32, 33, 34, 35]",0.9196525515743756,30,100,0.7958740499457112,0.8273615635179153,0.8317046688382194,0.8599348534201955,0.8121606948968513,0.7904451682953312,0.7839305103148752,0.8447339847991314,0.8479913137893594,0.8295331161780674,0.8403908794788274,0.750271444082519,0.8403908794788274,0.8230184581976113,0.8349619978284474,0.8230184581976113,0.8360477741585234,0.8447339847991314,0.8197611292073833,0.7926167209554832,0.8143322475570033,0.8371335504885994,0.7307274701411509,0.8425624321389794,0.8317046688382194,0.8523344191096635,0.8588490770901195,0.7719869706840391,0.7926167209554832,0.8371335504885994,0.8382193268186754,0.8273615635179153,0.8023887079261672,0.8186753528773073,0.8132464712269273,35
11111111111111111111111111111111111,5,"[1, 2, 3, 4, 5, 6, 7, 8, 9, 10, 11, 12, 13, 14, 15, 16, 17, 18, 19, 20, 21, 22, 23, 24, 25, 26, 27, 28, 29, 30, 31, 32, 33, 34, 35]",0.9174809989142236,31,100,0.8414766558089034,0.8013029315960912,0.8577633007600435,0.8110749185667753,0.8718783930510315,0.8382193268186754,0.8132464712269273,0.8056460369163952,0.8664495114006515,0.7643865363735071,0.8197611292073833,0.7850162866449512,0.7915309446254072,0.8078175895765473,0.8089033659066233,0.7665580890336591,0.7817589576547231,0.8642779587404995,0.8197611292073833,0.8175895765472313,0.8262757871878393,0.8425624321389794,0.8241042345276873,0.8338762214983714,0.8555917480998915,0.8306188925081434,0.7980456026058632,0.8403908794788274,0.8045602605863192,0.8501628664495114,0.8317046688382194,0.8186753528773073,0.8197611292073833,0.7871878393051032,0.8436482084690554,35
11111111111111111111111111111111111,5,"[1, 2, 3, 4, 5, 6, 7, 8, 9, 10, 11, 12, 13, 14, 15, 16, 17, 18, 19, 20, 21, 22, 23, 24, 25, 26, 27, 28, 29, 30, 31, 32, 33, 34, 35]",0.9239956568946797,32,100,0.8089033659066233,0.7882736156351792,0.8143322475570033,0.8154180238870793,0.8555917480998915,0.8317046688382194,0.8599348534201955,0.8414766558089034,0.7904451682953312,0.8154180238870793,0.8208469055374593,0.8382193268186754,0.8132464712269273,0.8197611292073833,0.8197611292073833,0.8099891422366993,0.8577633007600435,0.8208469055374593,0.8230184581976113,0.8099891422366993,0.8078175895765473,0.7980456026058632,0.8002171552660152,0.7926167209554832,0.7752442996742671,0.8469055374592834,0.8078175895765473,0.8273615635179153,0.8599348534201955,0.8338762214983714,0.8447339847991314,0.8338762214983714,0.8577633007600435,0.8523344191096635,0.8186753528773073,35
11111111111111111111111111111111111,5,"[1, 2, 3, 4, 5, 6, 7, 8, 9, 10, 11, 12, 13, 14, 15, 16, 17, 18, 19, 20, 21, 22, 23, 24, 25, 26, 27, 28, 29, 30, 31, 32, 33, 34, 35]",0.9120521172638436,33,100,0.8501628664495114,0.7947882736156352,0.8273615635179153,0.8251900108577633,0.7926167209554832,0.8132464712269273,0.8295331161780674,0.7926167209554832,0.8371335504885994,0.8447339847991314,0.7665580890336591,0.745928338762215,0.8273615635179153,0.8469055374592834,0.8230184581976113,0.8208469055374593,0.8284473398479913,0.8089033659066233,0.8555917480998915,0.8447339847991314,0.7231270358306189,0.8175895765472313,0.8165038002171553,0.7774158523344191,0.8414766558089034,0.8675352877307275,0.8013029315960912,0.8697068403908795,0.8327904451682954,0.8078175895765473,0.8653637350705755,0.8251900108577633,0.8034744842562432,0.8175895765472313,0.8523344191096635,35
11111111111111111111111111111111111,5,"[1, 2, 3, 4, 5, 6, 7, 8, 9, 10, 11, 12, 13, 14, 15, 16, 17, 18, 19, 20, 21, 22, 23, 24, 25, 26, 27, 28, 29, 30, 31, 32, 33, 34, 35]",0.9185667752442996,34,100,0.8002171552660152,0.7904451682953312,0.7926167209554832,0.8458197611292074,0.8273615635179153,0.745928338762215,0.761129207383279,0.8751357220412594,0.8110749185667753,0.8458197611292074,0.8143322475570033,0.8197611292073833,0.7871878393051032,0.8338762214983714,0.8034744842562432,0.8089033659066233,0.747014115092291,0.8023887079261672,0.8393051031487514,0.7926167209554832,0.8306188925081434,0.7926167209554832,0.8013029315960912,0.7915309446254072,0.8089033659066233,0.8349619978284474,0.8338762214983714,0.8241042345276873,0.7980456026058632,0.7937024972855592,0.7947882736156352,0.7958740499457112,0.8284473398479913,0.7763300760043431,0.8208469055374593,35
11111111111111111111111111111111111,5,"[1, 2, 3, 4, 5, 6, 7, 8, 9, 10, 11, 12, 13, 14, 15, 16, 17, 18, 19, 20, 21, 22, 23, 24, 25, 26, 27, 28, 29, 30, 31, 32, 33, 34, 35]",0.9163952225841476,35,100,0.7958740499457112,0.8110749185667753,0.762214983713355,0.8143322475570033,0.8555917480998915,0.8045602605863192,0.7893593919652552,0.8338762214983714,0.8208469055374593,0.8023887079261672,0.7969598262757872,0.7904451682953312,0.8262757871878393,0.7980456026058632,0.8241042345276873,0.8078175895765473,0.8110749185667753,0.8241042345276873,0.8099891422366993,0.7850162866449512,0.8327904451682954,0.7980456026058632,0.8251900108577633,0.7828447339847991,0.8067318132464713,0.8110749185667753,0.7915309446254072,0.8186753528773073,0.8154180238870793,0.8317046688382194,0.8327904451682954,0.8425624321389794,0.8067318132464713,0.8382193268186754,0.8295331161780674,35
11111111111111111111111111111111111,5,"[1, 2, 3, 4, 5, 6, 7, 8, 9, 10, 11, 12, 13, 14, 15, 16, 17, 18, 19, 20, 21, 22, 23, 24, 25, 26, 27, 28, 29, 30, 31, 32, 33, 34, 35]",0.9207383279044516,36,100,0.8577633007600435,0.8707926167209555,0.8295331161780674,0.8219326818675353,0.7861020629750272,0.8393051031487514,0.8555917480998915,0.7839305103148752,0.8588490770901195,0.8317046688382194,0.7947882736156352,0.749185667752443,0.8023887079261672,0.7676438653637351,0.8154180238870793,0.7709011943539631,0.8479913137893594,0.8121606948968513,0.8414766558089034,0.8425624321389794,0.7861020629750272,0.8414766558089034,0.8002171552660152,0.7741585233441911,0.7817589576547231,0.753528773072747,0.8045602605863192,0.7752442996742671,0.8382193268186754,0.8555917480998915,0.8479913137893594,0.760043431053203,0.7785016286644951,0.8056460369163952,0.8273615635179153,35
11111111111111111111111111111111111,5,"[1, 2, 3, 4, 5, 6, 7, 8, 9, 10, 11, 12, 13, 14, 15, 16, 17, 18, 19, 20, 21, 22, 23, 24, 25, 26, 27, 28, 29, 30, 31, 32, 33, 34, 35]",0.9131378935939196,37,100,0.7633007600434311,0.8002171552660152,0.8349619978284474,0.8458197611292074,0.8273615635179153,0.8447339847991314,0.8067318132464713,0.7904451682953312,0.8165038002171553,0.7665580890336591,0.8555917480998915,0.7926167209554832,0.8447339847991314,0.8186753528773073,0.8523344191096635,0.8089033659066233,0.8317046688382194,0.7958740499457112,0.8273615635179153,0.8610206297502715,0.7774158523344191,0.8523344191096635,0.8794788273615635,0.8078175895765473,0.7947882736156352,0.7991313789359392,0.7633007600434311,0.7937024972855592,0.7871878393051032,0.8360477741585234,0.8078175895765473,0.8089033659066233,0.8664495114006515,0.7665580890336591,0.7785016286644951,35
11111111111111111111111111111111111,5,"[1, 2, 3, 4, 5, 6, 7, 8, 9, 10, 11, 12, 13, 14, 15, 16, 17, 18, 19, 20, 21, 22, 23, 24, 25, 26, 27, 28, 29, 30, 31, 32, 33, 34, 35]",0.9196525515743756,38,100,0.7926167209554832,0.8403908794788274,0.8099891422366993,0.8099891422366993,0.8458197611292074,0.8393051031487514,0.7926167209554832,0.8099891422366993,0.8241042345276873,0.8175895765472313,0.8469055374592834,0.8241042345276873,0.761129207383279,0.8393051031487514,0.8360477741585234,0.8479913137893594,0.7774158523344191,0.7947882736156352,0.8143322475570033,0.8349619978284474,0.7991313789359392,0.8121606948968513,0.8360477741585234,0.8241042345276873,0.8045602605863192,0.8273615635179153,0.8327904451682954,0.7871878393051032,0.8208469055374593,0.7991313789359392,0.7958740499457112,0.7969598262757872,0.8436482084690554,0.8469055374592834,0.7676438653637351,35
11111111111111111111111111111111111,5,"[1, 2, 3, 4, 5, 6, 7, 8, 9, 10, 11, 12, 13, 14, 15, 16, 17, 18, 19, 20, 21, 22, 23, 24, 25, 26, 27, 28, 29, 30, 31, 32, 33, 34, 35]",0.9120521172638436,39,100,0.8197611292073833,0.8067318132464713,0.8121606948968513,0.8165038002171553,0.8360477741585234,0.8490770901194354,0.8110749185667753,0.8512486427795874,0.8262757871878393,0.8360477741585234,0.8023887079261672,0.8208469055374593,0.7676438653637351,0.8154180238870793,0.8262757871878393,0.7676438653637351,0.7980456026058632,0.8197611292073833,0.7937024972855592,0.8034744842562432,0.8762214983713354,0.8501628664495114,0.8273615635179153,0.8143322475570033,0.8588490770901195,0.7361563517915309,0.8099891422366993,0.8034744842562432,0.8577633007600435,0.8327904451682954,0.7991313789359392,0.7969598262757872,0.8208469055374593,0.8175895765472313,0.8165038002171553,35
11111111111111111111111111111111111,5,"[1, 2, 3, 4, 5, 6, 7, 8, 9, 10, 11, 12, 13, 14, 15, 16, 17, 18, 19, 20, 21, 22, 23, 24, 25, 26, 27, 28, 29, 30, 31, 32, 33, 34, 35]",0.9207383279044516,40,100,0.8338762214983714,0.8338762214983714,0.8241042345276873,0.8534201954397395,0.7806731813246471,0.7904451682953312,0.8306188925081434,0.8545059717698155,0.8490770901194354,0.8371335504885994,0.8251900108577633,0.7752442996742671,0.8284473398479913,0.8371335504885994,0.8143322475570033,0.8045602605863192,0.7937024972855592,0.8534201954397395,0.8143322475570033,0.8110749185667753,0.7730727470141151,0.8414766558089034,0.8175895765472313,0.8197611292073833,0.7817589576547231,0.8393051031487514,0.8284473398479913,0.8501628664495114,0.8197611292073833,0.7774158523344191,0.8154180238870793,0.7915309446254072,0.8523344191096635,0.8414766558089034,0.8132464712269273,35
11111111111111111111111111111111111,5,"[1, 2, 3, 4, 5, 6, 7, 8, 9, 10, 11, 12, 13, 14, 15, 16, 17, 18, 19, 20, 21, 22, 23, 24, 25, 26, 27, 28, 29, 30, 31, 32, 33, 34, 35]",0.9196525515743756,41,100,0.8186753528773073,0.8175895765472313,0.7991313789359392,0.8490770901194354,0.7980456026058632,0.8099891422366993,0.8707926167209555,0.7633007600434311,0.8382193268186754,0.8078175895765473,0.8501628664495114,0.8501628664495114,0.8175895765472313,0.8067318132464713,0.8414766558089034,0.8002171552660152,0.8099891422366993,0.8132464712269273,0.8078175895765473,0.8447339847991314,0.6840390879478827,0.8371335504885994,0.8067318132464713,0.7969598262757872,0.8523344191096635,0.7817589576547231,0.7122692725298588,0.8317046688382194,0.8099891422366993,0.8241042345276873,0.8034744842562432,0.8121606948968513,0.8447339847991314,0.8588490770901195,0.7785016286644951,35
11111111111111111111111111111111111,5,"[1, 2, 3, 4, 5, 6, 7, 8, 9, 10, 11, 12, 13, 14, 15, 16, 17, 18, 19, 20, 21, 22, 23, 24, 25, 26, 27, 28, 29, 30, 31, 32, 33, 34, 35]",0.9272529858849077,42,100,0.7882736156351792,0.7937024972855592,0.8382193268186754,0.7861020629750272,0.743756786102063,0.8132464712269273,0.8295331161780674,0.7785016286644951,0.8534201954397395,0.8295331161780674,0.8230184581976113,0.8284473398479913,0.7861020629750272,0.7285559174809989,0.8501628664495114,0.8186753528773073,0.8588490770901195,0.8099891422366993,0.8067318132464713,0.8023887079261672,0.7991313789359392,0.8631921824104235,0.8186753528773073,0.8284473398479913,0.8165038002171553,0.8241042345276873,0.8436482084690554,0.8523344191096635,0.8360477741585234,0.8002171552660152,0.8165038002171553,0.8262757871878393,0.8175895765472313,0.8230184581976113,0.8501628664495114,35
11111111111111111111111111111111111,5,"[1, 2, 3, 4, 5, 6, 7, 8, 9, 10, 11, 12, 13, 14, 15, 16, 17, 18, 19, 20, 21, 22, 23, 24, 25, 26, 27, 28, 29, 30, 31, 32, 33, 34, 35]",0.9153094462540716,43,100,0.8143322475570033,0.8078175895765473,0.8121606948968513,0.7991313789359392,0.8230184581976113,0.7991313789359392,0.7937024972855592,0.8393051031487514,0.7980456026058632,0.8338762214983714,0.753528773072747,0.8501628664495114,0.8251900108577633,0.8436482084690554,0.7926167209554832,0.7817589576547231,0.8295331161780674,0.8707926167209555,0.8186753528773073,0.8219326818675353,0.757871878393051,0.8132464712269273,0.8317046688382194,0.8273615635179153,0.7676438653637351,0.8023887079261672,0.7871878393051032,0.8045602605863192,0.7893593919652552,0.8479913137893594,0.8241042345276873,0.7654723127035831,0.8327904451682954,0.8577633007600435,0.8262757871878393,35
11111111111111111111111111111111111,5,"[1, 2, 3, 4, 5, 6, 7, 8, 9, 10, 11, 12, 13, 14, 15, 16, 17, 18, 19, 20, 21, 22, 23, 24, 25, 26, 27, 28, 29, 30, 31, 32, 33, 34, 35]",0.9131378935939196,44,100,0.8555917480998915,0.8165038002171553,0.8186753528773073,0.8490770901194354,0.8403908794788274,0.8610206297502715,0.8002171552660152,0.8469055374592834,0.740499457111835,0.8154180238870793,0.8143322475570033,0.7850162866449512,0.8197611292073833,0.7285559174809989,0.8175895765472313,0.7991313789359392,0.8078175895765473,0.8262757871878393,0.7882736156351792,0.8338762214983714,0.8273615635179153,0.8197611292073833,0.8208469055374593,0.7926167209554832,0.8175895765472313,0.7676438653637351,0.8251900108577633,0.8241042345276873,0.7817589576547231,0.8230184581976113,0.7806731813246471,0.7893593919652552,0.8023887079261672,0.8599348534201955,0.8403908794788274,35
11111111111111111111111111111111111,5,"[1, 2, 3, 4, 5, 6, 7, 8, 9, 10, 11, 12, 13, 14, 15, 16, 17, 18, 19, 20, 21, 22, 23, 24, 25, 26, 27, 28, 29, 30, 31, 32, 33, 34, 35]",0.9185667752442996,45,100,0.8458197611292074,0.8110749185667753,0.761129207383279,0.8023887079261672,0.8534201954397395,0.8208469055374593,0.7969598262757872,0.8512486427795874,0.8034744842562432,0.8360477741585234,0.8707926167209555,0.8197611292073833,0.7698154180238871,0.8067318132464713,0.7795874049945711,0.7991313789359392,0.7926167209554832,0.7850162866449512,0.8501628664495114,0.8056460369163952,0.8219326818675353,0.8447339847991314,0.8165038002171553,0.8067318132464713,0.8599348534201955,0.8013029315960912,0.8664495114006515,0.8121606948968513,0.8349619978284474,0.8447339847991314,0.7904451682953312,0.8013029315960912,0.742671009771987,0.8230184581976113,0.8034744842562432,35
11111111111111111111111111111111111,5,"[1, 2, 3, 4, 5, 6, 7, 8, 9, 10, 11, 12, 13, 14, 15, 16, 17, 18, 19, 20, 21, 22, 23, 24, 25, 26, 27, 28, 29, 30, 31, 32, 33, 34, 35]",0.9185667752442996,46,100,0.7958740499457112,0.7904451682953312,0.8371335504885994,0.8013029315960912,0.8371335504885994,0.8013029315960912,0.8371335504885994,0.7893593919652552,0.8262757871878393,0.8013029315960912,0.8121606948968513,0.8501628664495114,0.8306188925081434,0.8306188925081434,0.8034744842562432,0.8013029315960912,0.8023887079261672,0.8067318132464713,0.8186753528773073,0.8436482084690554,0.7719869706840391,0.8317046688382194,0.8273615635179153,0.8078175895765473,0.7969598262757872,0.8132464712269273,0.7937024972855592,0.7643865363735071,0.8154180238870793,0.8099891422366993,0.8360477741585234,0.8241042345276873,0.8045602605863192,0.8013029315960912,0.8349619978284474,35
11111111111111111111111111111111111,5,"[1, 2, 3, 4, 5, 6, 7, 8, 9, 10, 11, 12, 13, 14, 15, 16, 17, 18, 19, 20, 21, 22, 23, 24, 25, 26, 27, 28, 29, 30, 31, 32, 33, 34, 35]",0.9229098805646037,47,100,0.8089033659066233,0.8512486427795874,0.8110749185667753,0.8284473398479913,0.8230184581976113,0.8490770901194354,0.8197611292073833,0.8034744842562432,0.8219326818675353,0.8403908794788274,0.7839305103148752,0.8121606948968513,0.7698154180238871,0.8306188925081434,0.7991313789359392,0.7774158523344191,0.8349619978284474,0.8610206297502715,0.8707926167209555,0.7839305103148752,0.7850162866449512,0.8566775244299675,0.7643865363735071,0.8458197611292074,0.8284473398479913,0.8251900108577633,0.8610206297502715,0.8306188925081434,0.8295331161780674,0.8273615635179153,0.8121606948968513,0.7741585233441911,0.8089033659066233,0.7947882736156352,0.8230184581976113,35
11111111111111111111111111111111111,5,"[1, 2, 3, 4, 5, 6, 7, 8, 9, 10, 11, 12, 13, 14, 15, 16, 17, 18, 19, 20, 21, 22, 23, 24, 25, 26, 27, 28, 29, 30, 31, 32, 33, 34, 35]",0.9109663409337676,48,100,0.8610206297502715,0.8349619978284474,0.8327904451682954,0.8393051031487514,0.8045602605863192,0.7643865363735071,0.8002171552660152,0.7828447339847991,0.755700325732899,0.7785016286644951,0.8317046688382194,0.8306188925081434,0.8360477741585234,0.7676438653637351,0.8121606948968513,0.7915309446254072,0.8251900108577633,0.7969598262757872,0.7654723127035831,0.8566775244299675,0.8273615635179153,0.739413680781759,0.8121606948968513,0.8251900108577633,0.8208469055374593,0.8469055374592834,0.8545059717698155,0.8555917480998915,0.8403908794788274,0.8186753528773073,0.8241042345276873,0.7665580890336591,0.8566775244299675,0.8175895765472313,0.8718783930510315,35
11111111111111111111111111111111111,5,"[1, 2, 3, 4, 5, 6, 7, 8, 9, 10, 11, 12, 13, 14, 15, 16, 17, 18, 19, 20, 21, 22, 23, 24, 25, 26, 27, 28, 29, 30, 31, 32, 33, 34, 35]",0.9120521172638436,49,100,0.8208469055374593,0.8023887079261672,0.8110749185667753,0.8002171552660152,0.8284473398479913,0.8056460369163952,0.8251900108577633,0.8165038002171553,0.8132464712269273,0.7861020629750272,0.8132464712269273,0.8534201954397395,0.8110749185667753,0.8306188925081434,0.757871878393051,0.8306188925081434,0.8317046688382194,0.8143322475570033,0.8045602605863192,0.8121606948968513,0.8186753528773073,0.8284473398479913,0.8436482084690554,0.7861020629750272,0.7861020629750272,0.8186753528773073,0.8523344191096635,0.8338762214983714,0.8338762214983714,0.8306188925081434,0.8371335504885994,0.8371335504885994,0.8034744842562432,0.8121606948968513,0.8545059717698155,35
11111111111111111111111111111111111,5,"[1, 2, 3, 4, 5, 6, 7, 8, 9, 10, 11, 12, 13, 14, 15, 16, 17, 18, 19, 20, 21, 22, 23, 24, 25, 26, 27, 28, 29, 30, 31, 32, 33, 34, 35]",0.9163952225841476,50,100,0.8534201954397395,0.8089033659066233,0.7817589576547231,0.7904451682953312,0.7763300760043431,0.8393051031487514,0.7926167209554832,0.8165038002171553,0.8295331161780674,0.8067318132464713,0.8382193268186754,0.8002171552660152,0.8230184581976113,0.7719869706840391,0.8230184581976113,0.8110749185667753,0.7882736156351792,0.8403908794788274,0.8089033659066233,0.8501628664495114,0.8621064060803475,0.8479913137893594,0.8403908794788274,0.7676438653637351,0.8458197611292074,0.8664495114006515,0.8208469055374593,0.7991313789359392,0.8545059717698155,0.8360477741585234,0.8349619978284474,0.7828447339847991,0.7763300760043431,0.8338762214983714,0.8425624321389794,35
